player_id,session_id,event_type,event_time,level,revenue_usd
P065,S1329,ad_watch,2025-07-02 16:07:00,10,0.05
P065,S1329,end_game,2025-07-02 16:11:00,3,0.0
P065,S1329,ad_watch,2025-07-02 16:13:00,17,0.05
P065,S1329,end_game,2025-07-02 16:22:00,3,0.0
P065,S1329,purchase,2025-07-02 16:19:00,11,1.99
P065,S1329,ad_watch,2025-07-02 16:22:00,13,0.05
P065,S1329,start_game,2025-07-02 16:13:00,3,0.0
P065,S1329,ad_watch,2025-07-02 16:28:00,16,0.05
P066,S2116,ad_watch,2025-07-05 13:41:00,6,0.05
P066,S2116,level_up,2025-07-05 13:44:00,11,0.0
P066,S2116,start_game,2025-07-05 13:49:00,13,0.0
P066,S2116,purchase,2025-07-05 13:47:00,18,9.99
P066,S2116,ad_watch,2025-07-05 13:57:00,2,0.05
P066,S2116,start_game,2025-07-05 13:56:00,10,0.0
P066,S2116,start_game,2025-07-05 14:11:00,7,0.0
P066,S2116,level_up,2025-07-05 14:09:00,13,0.0
P066,S2116,purchase,2025-07-05 14:21:00,1,9.99
P066,S2116,level_up,2025-07-05 14:08:00,12,0.0
P006,S2123,start_game,2025-07-03 14:20:00,13,0.0
P006,S2123,start_game,2025-07-03 14:25:00,11,0.0
P006,S2123,purchase,2025-07-03 14:30:00,18,4.99
P006,S2123,start_game,2025-07-03 14:32:00,9,0.0
P006,S2123,end_game,2025-07-03 14:32:00,16,0.0
P006,S2123,start_game,2025-07-03 14:45:00,12,0.0
P006,S2123,start_game,2025-07-03 14:26:00,3,0.0
P097,S5672,purchase,2025-07-06 22:07:00,6,4.99
P097,S5672,ad_watch,2025-07-06 22:11:00,3,0.05
P097,S5672,ad_watch,2025-07-06 22:11:00,8,0.05
P097,S5672,end_game,2025-07-06 22:10:00,3,0.0
P097,S5672,start_game,2025-07-06 22:19:00,11,0.0
P097,S5672,end_game,2025-07-06 22:12:00,7,0.0
P097,S5672,ad_watch,2025-07-06 22:37:00,8,0.05
P097,S5672,ad_watch,2025-07-06 22:35:00,17,0.05
P097,S5672,start_game,2025-07-06 22:47:00,15,0.0
P032,S9071,start_game,2025-07-05 11:33:00,12,0.0
P032,S9071,ad_watch,2025-07-05 11:38:00,15,0.05
P032,S9071,start_game,2025-07-05 11:37:00,6,0.0
P032,S9071,end_game,2025-07-05 11:45:00,16,0.0
P032,S9071,ad_watch,2025-07-05 11:49:00,4,0.05
P032,S9071,purchase,2025-07-05 11:48:00,18,4.99
P032,S9071,level_up,2025-07-05 11:57:00,10,0.0
P032,S9071,ad_watch,2025-07-05 11:40:00,16,0.05
P032,S9071,purchase,2025-07-05 11:57:00,18,4.99
P032,S9071,start_game,2025-07-05 12:09:00,18,0.0
P053,S5628,start_game,2025-07-04 23:57:00,15,0.0
P053,S5628,ad_watch,2025-07-05 00:00:00,13,0.05
P053,S5628,ad_watch,2025-07-05 00:07:00,9,0.05
P053,S5628,ad_watch,2025-07-05 00:00:00,17,0.05
P053,S5628,end_game,2025-07-05 00:17:00,15,0.0
P053,S5628,end_game,2025-07-05 00:17:00,2,0.0
P053,S5628,purchase,2025-07-05 00:03:00,10,0.99
P044,S9160,ad_watch,2025-07-03 13:55:00,10,0.05
P044,S9160,purchase,2025-07-03 14:00:00,13,1.99
P044,S9160,ad_watch,2025-07-03 14:03:00,18,0.05
P044,S9160,level_up,2025-07-03 14:10:00,8,0.0
P033,S9971,purchase,2025-07-07 01:38:00,10,1.99
P033,S9971,purchase,2025-07-07 01:39:00,6,1.99
P033,S9971,end_game,2025-07-07 01:42:00,19,0.0
P033,S9971,level_up,2025-07-07 01:53:00,4,0.0
P033,S9971,end_game,2025-07-07 01:50:00,3,0.0
P033,S9971,purchase,2025-07-07 01:53:00,5,9.99
P033,S9971,purchase,2025-07-07 02:08:00,16,9.99
P033,S9971,purchase,2025-07-07 01:52:00,15,9.99
P033,S9971,end_game,2025-07-07 01:46:00,2,0.0
P095,S9402,end_game,2025-07-03 14:57:00,16,0.0
P095,S9402,level_up,2025-07-03 15:00:00,6,0.0
P095,S9402,start_game,2025-07-03 15:03:00,12,0.0
P095,S9402,purchase,2025-07-03 15:12:00,16,9.99
P095,S9402,start_game,2025-07-03 15:17:00,13,0.0
P095,S9402,start_game,2025-07-03 15:07:00,7,0.0
P095,S9402,ad_watch,2025-07-03 15:15:00,20,0.05
P095,S9402,ad_watch,2025-07-03 15:11:00,5,0.05
P066,S8672,end_game,2025-07-06 04:40:00,20,0.0
P066,S8672,purchase,2025-07-06 04:41:00,2,9.99
P066,S8672,ad_watch,2025-07-06 04:44:00,18,0.05
P066,S8672,purchase,2025-07-06 04:52:00,5,4.99
P066,S8672,start_game,2025-07-06 04:48:00,3,0.0
P066,S8672,purchase,2025-07-06 05:05:00,18,1.99
P066,S8672,level_up,2025-07-06 05:04:00,2,0.0
P066,S8672,ad_watch,2025-07-06 04:54:00,7,0.05
P066,S8672,end_game,2025-07-06 04:56:00,4,0.0
P063,S2904,start_game,2025-07-06 00:43:00,3,0.0
P063,S2904,ad_watch,2025-07-06 00:46:00,7,0.05
P063,S2904,level_up,2025-07-06 00:51:00,10,0.0
P063,S2904,end_game,2025-07-06 00:46:00,15,0.0
P063,S2904,purchase,2025-07-06 00:55:00,9,9.99
P017,S5310,purchase,2025-07-05 20:08:00,5,4.99
P017,S5310,end_game,2025-07-05 20:09:00,8,0.0
P017,S5310,ad_watch,2025-07-05 20:18:00,4,0.05
P017,S5310,end_game,2025-07-05 20:17:00,15,0.0
P017,S5310,ad_watch,2025-07-05 20:24:00,12,0.05
P017,S5310,start_game,2025-07-05 20:28:00,8,0.0
P017,S5310,level_up,2025-07-05 20:26:00,2,0.0
P067,S2299,level_up,2025-07-01 17:39:00,5,0.0
P067,S2299,end_game,2025-07-01 17:42:00,8,0.0
P067,S2299,level_up,2025-07-01 17:49:00,3,0.0
P067,S2299,purchase,2025-07-01 17:54:00,5,9.99
P067,S2299,ad_watch,2025-07-01 17:59:00,3,0.05
P067,S2299,start_game,2025-07-01 17:49:00,16,0.0
P067,S2299,level_up,2025-07-01 18:09:00,1,0.0
P067,S2299,start_game,2025-07-01 18:14:00,6,0.0
P067,S2299,ad_watch,2025-07-01 18:03:00,8,0.05
P067,S2299,end_game,2025-07-01 18:15:00,10,0.0
P075,S4464,ad_watch,2025-07-04 08:19:00,10,0.05
P075,S4464,level_up,2025-07-04 08:24:00,2,0.0
P075,S4464,start_game,2025-07-04 08:25:00,13,0.0
P075,S4464,start_game,2025-07-04 08:22:00,10,0.0
P075,S4464,ad_watch,2025-07-04 08:39:00,11,0.05
P075,S4464,start_game,2025-07-04 08:24:00,15,0.0
P075,S4464,start_game,2025-07-04 08:25:00,2,0.0
P075,S4464,level_up,2025-07-04 08:26:00,17,0.0
P075,S4464,purchase,2025-07-04 08:51:00,4,4.99
P035,S3158,start_game,2025-07-02 03:18:00,13,0.0
P035,S3158,ad_watch,2025-07-02 03:21:00,20,0.05
P035,S3158,purchase,2025-07-02 03:24:00,5,0.99
P035,S3158,end_game,2025-07-02 03:21:00,4,0.0
P035,S3158,level_up,2025-07-02 03:30:00,2,0.0
P035,S3158,purchase,2025-07-02 03:38:00,5,0.99
P035,S3158,purchase,2025-07-02 03:30:00,9,1.99
P035,S3158,level_up,2025-07-02 03:53:00,5,0.0
P035,S3158,level_up,2025-07-02 03:58:00,18,0.0
P028,S3272,purchase,2025-07-06 21:30:00,1,1.99
P028,S3272,start_game,2025-07-06 21:31:00,4,0.0
P028,S3272,ad_watch,2025-07-06 21:32:00,9,0.05
P028,S3272,end_game,2025-07-06 21:45:00,9,0.0
P028,S3272,purchase,2025-07-06 21:38:00,6,4.99
P028,S3272,ad_watch,2025-07-06 21:55:00,17,0.05
P028,S3272,start_game,2025-07-06 21:36:00,12,0.0
P028,S3272,purchase,2025-07-06 21:51:00,8,1.99
P028,S3272,start_game,2025-07-06 21:38:00,16,0.0
P056,S4703,ad_watch,2025-07-05 22:49:00,19,0.05
P056,S4703,level_up,2025-07-05 22:51:00,11,0.0
P056,S4703,start_game,2025-07-05 22:57:00,3,0.0
P056,S4703,start_game,2025-07-05 22:55:00,7,0.0
P056,S4703,start_game,2025-07-05 23:05:00,9,0.0
P056,S4703,purchase,2025-07-05 22:54:00,13,0.99
P056,S4703,ad_watch,2025-07-05 23:07:00,15,0.05
P020,S5984,end_game,2025-07-02 13:39:00,20,0.0
P020,S5984,start_game,2025-07-02 13:44:00,12,0.0
P020,S5984,start_game,2025-07-02 13:43:00,20,0.0
P020,S5984,level_up,2025-07-02 13:48:00,2,0.0
P020,S5984,level_up,2025-07-02 13:51:00,11,0.0
P020,S5984,purchase,2025-07-02 14:04:00,11,9.99
P020,S5984,level_up,2025-07-02 13:57:00,4,0.0
P020,S5984,level_up,2025-07-02 14:14:00,12,0.0
P020,S5984,start_game,2025-07-02 14:11:00,15,0.0
P020,S5984,start_game,2025-07-02 14:15:00,7,0.0
P050,S6481,level_up,2025-07-03 22:55:00,12,0.0
P050,S6481,start_game,2025-07-03 22:57:00,13,0.0
P050,S6481,end_game,2025-07-03 23:05:00,16,0.0
P050,S6481,purchase,2025-07-03 23:01:00,18,9.99
P050,S6481,start_game,2025-07-03 22:59:00,7,0.0
P093,S1222,end_game,2025-07-07 21:00:00,7,0.0
P093,S1222,purchase,2025-07-07 21:05:00,9,1.99
P093,S1222,purchase,2025-07-07 21:04:00,3,1.99
P093,S1222,ad_watch,2025-07-07 21:03:00,8,0.05
P093,S1222,start_game,2025-07-07 21:20:00,9,0.0
P091,S8877,ad_watch,2025-07-06 20:17:00,9,0.05
P091,S8877,purchase,2025-07-06 20:20:00,18,4.99
P091,S8877,level_up,2025-07-06 20:23:00,2,0.0
P091,S8877,start_game,2025-07-06 20:26:00,3,0.0
P091,S8877,purchase,2025-07-06 20:37:00,3,1.99
P091,S8877,end_game,2025-07-06 20:22:00,4,0.0
P091,S8877,start_game,2025-07-06 20:23:00,20,0.0
P091,S8877,start_game,2025-07-06 20:24:00,3,0.0
P091,S8877,end_game,2025-07-06 20:57:00,12,0.0
P091,S8877,end_game,2025-07-06 20:53:00,4,0.0
P054,S5486,purchase,2025-07-06 06:42:00,7,4.99
P054,S5486,level_up,2025-07-06 06:44:00,6,0.0
P054,S5486,purchase,2025-07-06 06:50:00,14,9.99
P054,S5486,purchase,2025-07-06 06:45:00,3,9.99
P054,S5486,start_game,2025-07-06 06:50:00,18,0.0
P054,S5486,start_game,2025-07-06 06:52:00,20,0.0
P082,S1465,start_game,2025-07-05 21:54:00,16,0.0
P082,S1465,level_up,2025-07-05 21:58:00,13,0.0
P082,S1465,end_game,2025-07-05 22:02:00,14,0.0
P082,S1465,start_game,2025-07-05 22:06:00,12,0.0
P082,S1465,ad_watch,2025-07-05 22:02:00,3,0.05
P082,S1465,start_game,2025-07-05 22:14:00,20,0.0
P082,S1465,end_game,2025-07-05 22:24:00,16,0.0
P082,S1465,level_up,2025-07-05 22:22:00,13,0.0
P023,S1570,start_game,2025-07-04 22:53:00,19,0.0
P023,S1570,ad_watch,2025-07-04 22:58:00,19,0.05
P023,S1570,ad_watch,2025-07-04 23:01:00,7,0.05
P023,S1570,ad_watch,2025-07-04 23:02:00,19,0.05
P023,S1570,start_game,2025-07-04 23:01:00,20,0.0
P023,S1570,start_game,2025-07-04 23:13:00,9,0.0
P023,S1570,start_game,2025-07-04 23:05:00,19,0.0
P023,S1570,ad_watch,2025-07-04 23:00:00,3,0.05
P043,S7390,start_game,2025-07-06 18:03:00,20,0.0
P043,S7390,start_game,2025-07-06 18:08:00,16,0.0
P043,S7390,start_game,2025-07-06 18:13:00,10,0.0
P043,S7390,purchase,2025-07-06 18:06:00,11,9.99
P095,S7236,level_up,2025-07-03 13:03:00,9,0.0
P095,S7236,end_game,2025-07-03 13:06:00,8,0.0
P095,S7236,purchase,2025-07-03 13:09:00,20,1.99
P095,S7236,level_up,2025-07-03 13:15:00,9,0.0
P092,S1081,ad_watch,2025-07-07 07:51:00,4,0.05
P092,S1081,purchase,2025-07-07 07:54:00,16,0.99
P092,S1081,ad_watch,2025-07-07 07:57:00,17,0.05
P092,S1081,ad_watch,2025-07-07 08:06:00,3,0.05
P044,S8858,ad_watch,2025-07-07 06:30:00,9,0.05
P044,S8858,ad_watch,2025-07-07 06:31:00,11,0.05
P044,S8858,end_game,2025-07-07 06:36:00,2,0.0
P044,S8858,ad_watch,2025-07-07 06:45:00,6,0.05
P044,S8858,ad_watch,2025-07-07 06:42:00,2,0.05
P034,S9295,start_game,2025-07-03 17:19:00,1,0.0
P034,S9295,ad_watch,2025-07-03 17:22:00,8,0.05
P034,S9295,end_game,2025-07-03 17:29:00,14,0.0
P034,S9295,level_up,2025-07-03 17:22:00,4,0.0
P034,S9295,ad_watch,2025-07-03 17:23:00,3,0.05
P034,S9295,ad_watch,2025-07-03 17:44:00,9,0.05
P034,S9295,level_up,2025-07-03 17:31:00,13,0.0
P034,S9295,purchase,2025-07-03 17:40:00,17,1.99
P034,S9295,ad_watch,2025-07-03 17:43:00,16,0.05
P032,S7362,ad_watch,2025-07-04 12:45:00,14,0.05
P032,S7362,ad_watch,2025-07-04 12:46:00,16,0.05
P032,S7362,purchase,2025-07-04 12:53:00,4,4.99
P032,S7362,start_game,2025-07-04 12:57:00,13,0.0
P061,S6740,end_game,2025-07-03 04:22:00,15,0.0
P061,S6740,ad_watch,2025-07-03 04:26:00,11,0.05
P061,S6740,start_game,2025-07-03 04:30:00,7,0.0
P061,S6740,level_up,2025-07-03 04:31:00,12,0.0
P061,S6740,purchase,2025-07-03 04:34:00,17,4.99
P061,S6740,level_up,2025-07-03 04:32:00,14,0.0
P061,S6740,ad_watch,2025-07-03 04:52:00,3,0.05
P061,S6740,purchase,2025-07-03 04:57:00,19,4.99
P061,S6740,level_up,2025-07-03 04:46:00,1,0.0
P072,S7767,level_up,2025-07-02 09:38:00,12,0.0
P072,S7767,level_up,2025-07-02 09:41:00,14,0.0
P072,S7767,purchase,2025-07-02 09:44:00,12,9.99
P072,S7767,end_game,2025-07-02 09:41:00,16,0.0
P072,S7767,start_game,2025-07-02 09:50:00,5,0.0
P072,S7767,ad_watch,2025-07-02 09:58:00,13,0.05
P072,S7767,ad_watch,2025-07-02 09:44:00,3,0.05
P072,S7767,start_game,2025-07-02 10:06:00,1,0.0
P089,S9775,end_game,2025-07-03 12:35:00,17,0.0
P089,S9775,end_game,2025-07-03 12:39:00,1,0.0
P089,S9775,ad_watch,2025-07-03 12:37:00,5,0.05
P089,S9775,ad_watch,2025-07-03 12:38:00,15,0.05
P089,S9775,end_game,2025-07-03 12:55:00,13,0.0
P089,S9775,level_up,2025-07-03 13:00:00,20,0.0
P089,S9775,level_up,2025-07-03 12:59:00,3,0.0
P089,S9775,level_up,2025-07-03 12:49:00,14,0.0
P037,S7830,level_up,2025-07-03 04:54:00,14,0.0
P037,S7830,ad_watch,2025-07-03 04:55:00,2,0.05
P037,S7830,purchase,2025-07-03 05:04:00,9,4.99
P033,S9362,start_game,2025-07-01 18:42:00,7,0.0
P033,S9362,end_game,2025-07-01 18:46:00,19,0.0
P033,S9362,ad_watch,2025-07-01 18:44:00,7,0.05
P033,S9362,start_game,2025-07-01 18:48:00,14,0.0
P033,S9362,level_up,2025-07-01 18:58:00,3,0.0
P080,S5026,end_game,2025-07-05 21:49:00,1,0.0
P080,S5026,purchase,2025-07-05 21:54:00,14,1.99
P080,S5026,ad_watch,2025-07-05 21:59:00,14,0.05
P080,S5026,ad_watch,2025-07-05 22:01:00,20,0.05
P080,S5026,purchase,2025-07-05 22:05:00,18,9.99
P080,S5026,end_game,2025-07-05 22:04:00,3,0.0
P080,S5026,ad_watch,2025-07-05 22:07:00,12,0.05
P080,S5026,level_up,2025-07-05 22:17:00,9,0.0
P002,S9963,level_up,2025-07-04 21:29:00,8,0.0
P002,S9963,level_up,2025-07-04 21:30:00,17,0.0
P002,S9963,level_up,2025-07-04 21:37:00,5,0.0
P002,S9963,ad_watch,2025-07-04 21:38:00,18,0.05
P002,S9963,ad_watch,2025-07-04 21:45:00,18,0.05
P002,S9963,end_game,2025-07-04 21:54:00,13,0.0
P004,S4204,level_up,2025-07-01 06:44:00,4,0.0
P004,S4204,end_game,2025-07-01 06:47:00,9,0.0
P004,S4204,ad_watch,2025-07-01 06:48:00,9,0.05
P004,S4204,start_game,2025-07-01 06:47:00,3,0.0
P019,S9368,start_game,2025-07-01 05:39:00,16,0.0
P019,S9368,ad_watch,2025-07-01 05:42:00,2,0.05
P019,S9368,start_game,2025-07-01 05:49:00,13,0.0
P092,S3918,end_game,2025-07-06 10:20:00,6,0.0
P092,S3918,purchase,2025-07-06 10:21:00,20,9.99
P092,S3918,ad_watch,2025-07-06 10:22:00,4,0.05
P082,S1560,purchase,2025-07-07 11:48:00,17,9.99
P082,S1560,purchase,2025-07-07 11:50:00,13,4.99
P082,S1560,purchase,2025-07-07 11:58:00,4,4.99
P082,S1560,start_game,2025-07-07 11:54:00,8,0.0
P082,S1560,end_game,2025-07-07 11:56:00,20,0.0
P082,S1560,ad_watch,2025-07-07 12:08:00,11,0.05
P082,S1560,start_game,2025-07-07 12:06:00,13,0.0
P082,S1560,purchase,2025-07-07 12:16:00,10,4.99
P082,S1560,ad_watch,2025-07-07 11:56:00,2,0.05
P095,S1175,start_game,2025-07-06 07:55:00,12,0.0
P095,S1175,start_game,2025-07-06 07:56:00,16,0.0
P095,S1175,level_up,2025-07-06 07:57:00,14,0.0
P095,S1175,purchase,2025-07-06 08:01:00,4,1.99
P095,S1175,start_game,2025-07-06 08:15:00,4,0.0
P095,S1175,ad_watch,2025-07-06 08:15:00,17,0.05
P095,S1175,end_game,2025-07-06 08:07:00,14,0.0
P095,S1175,level_up,2025-07-06 08:30:00,14,0.0
P034,S7030,end_game,2025-07-02 17:18:00,18,0.0
P034,S7030,level_up,2025-07-02 17:23:00,14,0.0
P034,S7030,start_game,2025-07-02 17:20:00,12,0.0
P034,S7030,purchase,2025-07-02 17:33:00,2,9.99
P034,S7030,ad_watch,2025-07-02 17:30:00,12,0.05
P034,S7030,purchase,2025-07-02 17:33:00,13,0.99
P034,S7030,start_game,2025-07-02 17:36:00,7,0.0
P034,S7030,end_game,2025-07-02 17:39:00,13,0.0
P034,S7030,end_game,2025-07-02 17:58:00,20,0.0
P069,S7712,end_game,2025-07-01 10:46:00,18,0.0
P069,S7712,ad_watch,2025-07-01 10:47:00,2,0.05
P069,S7712,start_game,2025-07-01 10:48:00,12,0.0
P069,S7712,start_game,2025-07-01 10:55:00,1,0.0
P069,S7712,ad_watch,2025-07-01 11:02:00,4,0.05
P012,S8343,ad_watch,2025-07-02 10:53:00,11,0.05
P012,S8343,purchase,2025-07-02 10:54:00,16,1.99
P012,S8343,ad_watch,2025-07-02 10:59:00,16,0.05
P012,S8343,level_up,2025-07-02 10:59:00,8,0.0
P012,S8343,purchase,2025-07-02 10:57:00,8,4.99
P012,S8343,level_up,2025-07-02 10:58:00,19,0.0
P012,S8343,ad_watch,2025-07-02 10:59:00,16,0.05
P069,S4026,ad_watch,2025-07-02 11:40:00,16,0.05
P069,S4026,end_game,2025-07-02 11:45:00,10,0.0
P069,S4026,start_game,2025-07-02 11:42:00,4,0.0
P069,S4026,purchase,2025-07-02 11:55:00,4,0.99
P069,S4026,ad_watch,2025-07-02 11:56:00,4,0.05
P011,S5337,ad_watch,2025-07-05 20:59:00,8,0.05
P011,S5337,purchase,2025-07-05 21:03:00,16,0.99
P011,S5337,ad_watch,2025-07-05 21:03:00,12,0.05
P011,S5337,start_game,2025-07-05 21:02:00,15,0.0
P011,S5337,start_game,2025-07-05 21:19:00,2,0.0
P002,S6097,level_up,2025-07-05 12:08:00,17,0.0
P002,S6097,purchase,2025-07-05 12:10:00,19,4.99
P002,S6097,purchase,2025-07-05 12:18:00,18,0.99
P047,S4784,ad_watch,2025-07-05 18:36:00,9,0.05
P047,S4784,purchase,2025-07-05 18:38:00,2,9.99
P047,S4784,end_game,2025-07-05 18:44:00,3,0.0
P047,S4784,level_up,2025-07-05 18:42:00,8,0.0
P047,S4784,end_game,2025-07-05 18:56:00,2,0.0
P037,S4379,start_game,2025-07-01 07:45:00,15,0.0
P037,S4379,level_up,2025-07-01 07:48:00,3,0.0
P037,S4379,start_game,2025-07-01 07:53:00,8,0.0
P037,S4379,end_game,2025-07-01 07:57:00,16,0.0
P037,S4379,purchase,2025-07-01 07:57:00,20,1.99
P037,S4379,level_up,2025-07-01 08:10:00,9,0.0
P037,S4379,purchase,2025-07-01 07:57:00,8,1.99
P037,S4379,ad_watch,2025-07-01 07:52:00,20,0.05
P050,S8831,ad_watch,2025-07-04 22:49:00,15,0.05
P050,S8831,purchase,2025-07-04 22:50:00,14,1.99
P050,S8831,end_game,2025-07-04 22:55:00,16,0.0
P050,S8831,level_up,2025-07-04 23:01:00,1,0.0
P050,S8831,purchase,2025-07-04 23:05:00,4,9.99
P050,S8831,end_game,2025-07-04 23:04:00,10,0.0
P050,S8831,start_game,2025-07-04 23:19:00,1,0.0
P050,S8831,end_game,2025-07-04 23:17:00,16,0.0
P050,S8831,start_game,2025-07-04 22:57:00,14,0.0
P050,S8831,start_game,2025-07-04 23:34:00,12,0.0
P033,S5703,purchase,2025-07-01 17:47:00,5,1.99
P033,S5703,start_game,2025-07-01 17:49:00,15,0.0
P033,S5703,start_game,2025-07-01 17:53:00,19,0.0
P033,S5703,start_game,2025-07-01 18:02:00,15,0.0
P050,S7347,start_game,2025-07-03 08:03:00,2,0.0
P050,S7347,end_game,2025-07-03 08:08:00,18,0.0
P050,S7347,start_game,2025-07-03 08:09:00,4,0.0
P050,S7347,end_game,2025-07-03 08:12:00,11,0.0
P069,S1645,end_game,2025-07-03 02:24:00,7,0.0
P069,S1645,ad_watch,2025-07-03 02:27:00,12,0.05
P069,S1645,purchase,2025-07-03 02:32:00,18,0.99
P069,S1645,purchase,2025-07-03 02:36:00,8,1.99
P069,S1645,end_game,2025-07-03 02:36:00,17,0.0
P069,S1645,level_up,2025-07-03 02:34:00,13,0.0
P069,S1645,ad_watch,2025-07-03 02:54:00,16,0.05
P069,S1645,start_game,2025-07-03 02:38:00,2,0.0
P069,S1645,ad_watch,2025-07-03 02:48:00,10,0.05
P069,S1645,end_game,2025-07-03 02:33:00,3,0.0
P083,S3263,end_game,2025-07-01 00:10:00,5,0.0
P083,S3263,level_up,2025-07-01 00:15:00,13,0.0
P083,S3263,end_game,2025-07-01 00:12:00,14,0.0
P036,S6701,level_up,2025-07-06 06:42:00,4,0.0
P036,S6701,start_game,2025-07-06 06:44:00,8,0.0
P036,S6701,ad_watch,2025-07-06 06:48:00,13,0.05
P036,S6701,purchase,2025-07-06 06:54:00,17,4.99
P036,S6701,start_game,2025-07-06 06:50:00,4,0.0
P036,S6701,end_game,2025-07-06 07:02:00,11,0.0
P036,S6701,end_game,2025-07-06 07:12:00,5,0.0
P074,S7321,purchase,2025-07-05 06:52:00,19,0.99
P074,S7321,purchase,2025-07-05 06:57:00,4,0.99
P074,S7321,level_up,2025-07-05 07:02:00,17,0.0
P077,S5109,ad_watch,2025-07-07 15:27:00,5,0.05
P077,S5109,start_game,2025-07-07 15:31:00,20,0.0
P077,S5109,end_game,2025-07-07 15:29:00,9,0.0
P077,S5109,end_game,2025-07-07 15:42:00,17,0.0
P053,S8943,level_up,2025-07-07 10:52:00,16,0.0
P053,S8943,purchase,2025-07-07 10:53:00,10,1.99
P053,S8943,end_game,2025-07-07 11:00:00,5,0.0
P053,S8943,purchase,2025-07-07 11:04:00,3,0.99
P053,S8943,purchase,2025-07-07 11:04:00,19,4.99
P053,S8943,end_game,2025-07-07 11:07:00,6,0.0
P053,S8943,purchase,2025-07-07 11:22:00,17,4.99
P053,S8943,purchase,2025-07-07 10:59:00,16,1.99
P093,S8751,end_game,2025-07-06 02:09:00,7,0.0
P093,S8751,ad_watch,2025-07-06 02:13:00,15,0.05
P093,S8751,level_up,2025-07-06 02:11:00,19,0.0
P093,S8751,purchase,2025-07-06 02:18:00,15,0.99
P093,S8751,purchase,2025-07-06 02:25:00,12,9.99
P093,S8751,end_game,2025-07-06 02:19:00,12,0.0
P034,S3813,end_game,2025-07-04 17:30:00,7,0.0
P034,S3813,start_game,2025-07-04 17:34:00,15,0.0
P034,S3813,start_game,2025-07-04 17:36:00,6,0.0
P034,S3813,start_game,2025-07-04 17:39:00,12,0.0
P034,S3813,end_game,2025-07-04 17:46:00,7,0.0
P059,S9692,level_up,2025-07-03 22:06:00,12,0.0
P059,S9692,ad_watch,2025-07-03 22:10:00,11,0.05
P059,S9692,start_game,2025-07-03 22:12:00,13,0.0
P059,S9692,ad_watch,2025-07-03 22:12:00,11,0.05
P071,S7848,purchase,2025-07-05 07:16:00,18,1.99
P071,S7848,start_game,2025-07-05 07:21:00,2,0.0
P071,S7848,purchase,2025-07-05 07:22:00,2,1.99
P071,S7848,ad_watch,2025-07-05 07:19:00,14,0.05
P071,S7848,level_up,2025-07-05 07:20:00,13,0.0
P071,S7848,start_game,2025-07-05 07:31:00,19,0.0
P071,S7848,level_up,2025-07-05 07:28:00,9,0.0
P071,S7848,purchase,2025-07-05 07:23:00,10,1.99
P071,S7848,level_up,2025-07-05 07:48:00,1,0.0
P090,S3110,ad_watch,2025-07-02 08:07:00,13,0.05
P090,S3110,end_game,2025-07-02 08:09:00,18,0.0
P090,S3110,end_game,2025-07-02 08:17:00,18,0.0
P090,S3110,purchase,2025-07-02 08:16:00,6,4.99
P090,S3110,end_game,2025-07-02 08:15:00,2,0.0
P090,S3110,level_up,2025-07-02 08:22:00,17,0.0
P090,S3110,ad_watch,2025-07-02 08:13:00,19,0.05
P090,S3110,purchase,2025-07-02 08:28:00,13,9.99
P090,S3110,ad_watch,2025-07-02 08:39:00,15,0.05
P090,S3110,end_game,2025-07-02 08:43:00,15,0.0
P082,S2671,level_up,2025-07-01 17:18:00,5,0.0
P082,S2671,level_up,2025-07-01 17:20:00,20,0.0
P082,S2671,ad_watch,2025-07-01 17:20:00,15,0.05
P028,S9344,level_up,2025-07-05 21:36:00,1,0.0
P028,S9344,end_game,2025-07-05 21:40:00,9,0.0
P028,S9344,level_up,2025-07-05 21:42:00,19,0.0
P032,S8653,start_game,2025-07-03 12:34:00,1,0.0
P032,S8653,start_game,2025-07-03 12:38:00,2,0.0
P032,S8653,purchase,2025-07-03 12:42:00,19,0.99
P032,S8653,purchase,2025-07-03 12:43:00,17,0.99
P032,S8653,level_up,2025-07-03 12:50:00,8,0.0
P054,S6274,level_up,2025-07-04 20:53:00,6,0.0
P054,S6274,level_up,2025-07-04 20:54:00,5,0.0
P054,S6274,end_game,2025-07-04 20:55:00,4,0.0
P054,S6274,start_game,2025-07-04 21:02:00,2,0.0
P054,S6274,ad_watch,2025-07-04 20:57:00,5,0.05
P080,S8510,start_game,2025-07-06 02:16:00,12,0.0
P080,S8510,start_game,2025-07-06 02:18:00,7,0.0
P080,S8510,purchase,2025-07-06 02:22:00,16,1.99
P080,S8510,ad_watch,2025-07-06 02:28:00,17,0.05
P080,S8510,ad_watch,2025-07-06 02:24:00,13,0.05
P080,S8510,end_game,2025-07-06 02:41:00,2,0.0
P080,S8510,end_game,2025-07-06 02:46:00,8,0.0
P080,S8510,start_game,2025-07-06 02:51:00,17,0.0
P078,S5035,start_game,2025-07-05 02:18:00,12,0.0
P078,S5035,start_game,2025-07-05 02:23:00,4,0.0
P078,S5035,purchase,2025-07-05 02:24:00,11,0.99
P095,S8124,ad_watch,2025-07-06 01:58:00,16,0.05
P095,S8124,ad_watch,2025-07-06 02:03:00,7,0.05
P095,S8124,level_up,2025-07-06 02:08:00,7,0.0
P095,S8124,purchase,2025-07-06 02:13:00,9,4.99
P095,S8124,ad_watch,2025-07-06 02:02:00,3,0.05
P095,S8124,purchase,2025-07-06 02:08:00,12,0.99
P095,S8124,level_up,2025-07-06 02:22:00,14,0.0
P089,S9989,purchase,2025-07-07 20:01:00,11,1.99
P089,S9989,end_game,2025-07-07 20:04:00,6,0.0
P089,S9989,ad_watch,2025-07-07 20:07:00,11,0.05
P089,S9989,start_game,2025-07-07 20:10:00,11,0.0
P089,S9989,purchase,2025-07-07 20:05:00,16,0.99
P089,S9989,ad_watch,2025-07-07 20:16:00,4,0.05
P089,S9989,end_game,2025-07-07 20:13:00,6,0.0
P013,S2741,start_game,2025-07-04 14:44:00,4,0.0
P013,S2741,end_game,2025-07-04 14:49:00,7,0.0
P013,S2741,ad_watch,2025-07-04 14:46:00,19,0.05
P013,S2741,start_game,2025-07-04 14:56:00,1,0.0
P013,S2741,purchase,2025-07-04 14:52:00,11,1.99
P013,S2741,start_game,2025-07-04 14:54:00,19,0.0
P013,S2741,start_game,2025-07-04 14:50:00,16,0.0
P041,S9720,start_game,2025-07-05 20:24:00,19,0.0
P041,S9720,level_up,2025-07-05 20:28:00,6,0.0
P041,S9720,end_game,2025-07-05 20:34:00,10,0.0
P041,S9720,ad_watch,2025-07-05 20:36:00,14,0.05
P041,S9720,start_game,2025-07-05 20:28:00,10,0.0
P041,S9720,purchase,2025-07-05 20:39:00,20,1.99
P041,S9720,ad_watch,2025-07-05 20:54:00,12,0.05
P060,S9648,ad_watch,2025-07-06 14:55:00,8,0.05
P060,S9648,start_game,2025-07-06 14:57:00,15,0.0
P060,S9648,ad_watch,2025-07-06 15:03:00,6,0.05
P060,S9648,end_game,2025-07-06 15:10:00,20,0.0
P060,S9648,purchase,2025-07-06 15:15:00,2,1.99
P088,S8506,level_up,2025-07-05 20:02:00,12,0.0
P088,S8506,purchase,2025-07-05 20:06:00,13,9.99
P088,S8506,ad_watch,2025-07-05 20:08:00,18,0.05
P088,S8506,start_game,2025-07-05 20:14:00,1,0.0
P088,S8506,end_game,2025-07-05 20:10:00,20,0.0
P088,S8506,purchase,2025-07-05 20:22:00,1,0.99
P088,S8506,ad_watch,2025-07-05 20:20:00,5,0.05
P088,S8506,ad_watch,2025-07-05 20:16:00,3,0.05
P015,S4464,end_game,2025-07-04 04:23:00,18,0.0
P015,S4464,start_game,2025-07-04 04:28:00,12,0.0
P015,S4464,ad_watch,2025-07-04 04:27:00,12,0.05
P015,S4464,purchase,2025-07-04 04:38:00,17,4.99
P015,S4464,level_up,2025-07-04 04:43:00,3,0.0
P091,S8966,ad_watch,2025-07-02 19:08:00,8,0.05
P091,S8966,start_game,2025-07-02 19:10:00,5,0.0
P091,S8966,start_game,2025-07-02 19:10:00,2,0.0
P091,S8966,level_up,2025-07-02 19:17:00,19,0.0
P091,S8966,level_up,2025-07-02 19:24:00,7,0.0
P081,S6833,purchase,2025-07-04 07:49:00,19,0.99
P081,S6833,purchase,2025-07-04 07:51:00,17,4.99
P081,S6833,level_up,2025-07-04 07:53:00,2,0.0
P081,S6833,ad_watch,2025-07-04 08:04:00,12,0.05
P081,S6833,start_game,2025-07-04 08:09:00,3,0.0
P081,S6833,ad_watch,2025-07-04 08:04:00,12,0.05
P081,S6833,ad_watch,2025-07-04 08:01:00,13,0.05
P081,S6833,end_game,2025-07-04 07:56:00,16,0.0
P058,S6399,end_game,2025-07-03 06:50:00,12,0.0
P058,S6399,purchase,2025-07-03 06:51:00,1,1.99
P058,S6399,end_game,2025-07-03 06:54:00,2,0.0
P058,S6399,end_game,2025-07-03 06:53:00,12,0.0
P058,S6399,ad_watch,2025-07-03 07:06:00,8,0.05
P058,S6399,end_game,2025-07-03 07:15:00,11,0.0
P058,S6399,purchase,2025-07-03 07:02:00,5,1.99
P058,S6399,end_game,2025-07-03 06:57:00,10,0.0
P092,S3851,level_up,2025-07-03 00:26:00,6,0.0
P092,S3851,end_game,2025-07-03 00:29:00,3,0.0
P092,S3851,purchase,2025-07-03 00:32:00,8,9.99
P092,S3851,level_up,2025-07-03 00:32:00,11,0.0
P092,S3851,end_game,2025-07-03 00:34:00,8,0.0
P092,S3851,start_game,2025-07-03 00:46:00,11,0.0
P092,S3851,purchase,2025-07-03 00:56:00,5,0.99
P007,S7805,end_game,2025-07-03 23:06:00,13,0.0
P007,S7805,end_game,2025-07-03 23:07:00,12,0.0
P007,S7805,start_game,2025-07-03 23:14:00,20,0.0
P007,S7805,purchase,2025-07-03 23:21:00,15,9.99
P074,S8012,level_up,2025-07-02 10:15:00,12,0.0
P074,S8012,ad_watch,2025-07-02 10:20:00,8,0.05
P074,S8012,level_up,2025-07-02 10:19:00,15,0.0
P074,S8012,end_game,2025-07-02 10:27:00,17,0.0
P074,S8012,level_up,2025-07-02 10:35:00,14,0.0
P074,S8012,ad_watch,2025-07-02 10:30:00,3,0.05
P074,S8012,purchase,2025-07-02 10:21:00,15,1.99
P074,S8012,level_up,2025-07-02 10:22:00,4,0.0
P074,S8012,purchase,2025-07-02 10:47:00,10,0.99
P040,S7023,end_game,2025-07-07 04:02:00,12,0.0
P040,S7023,purchase,2025-07-07 04:07:00,4,0.99
P040,S7023,level_up,2025-07-07 04:12:00,3,0.0
P040,S7023,purchase,2025-07-07 04:11:00,6,0.99
P040,S7023,start_game,2025-07-07 04:22:00,7,0.0
P040,S7023,end_game,2025-07-07 04:27:00,1,0.0
P040,S7023,purchase,2025-07-07 04:08:00,10,9.99
P040,S7023,purchase,2025-07-07 04:16:00,12,4.99
P040,S7023,purchase,2025-07-07 04:42:00,3,4.99
P040,S7023,level_up,2025-07-07 04:38:00,4,0.0
P033,S4827,ad_watch,2025-07-04 23:20:00,15,0.05
P033,S4827,start_game,2025-07-04 23:22:00,10,0.0
P033,S4827,level_up,2025-07-04 23:26:00,5,0.0
P033,S4827,start_game,2025-07-04 23:29:00,11,0.0
P033,S4827,start_game,2025-07-04 23:40:00,18,0.0
P033,S4827,purchase,2025-07-04 23:40:00,11,9.99
P033,S4827,ad_watch,2025-07-04 23:50:00,7,0.05
P033,S4827,ad_watch,2025-07-04 23:48:00,8,0.05
P033,S4827,start_game,2025-07-05 00:00:00,12,0.0
P028,S7902,purchase,2025-07-07 18:01:00,16,9.99
P028,S7902,start_game,2025-07-07 18:02:00,20,0.0
P028,S7902,end_game,2025-07-07 18:03:00,15,0.0
P028,S7902,level_up,2025-07-07 18:13:00,18,0.0
P028,S7902,ad_watch,2025-07-07 18:05:00,8,0.05
P028,S7902,start_game,2025-07-07 18:11:00,4,0.0
P028,S7902,ad_watch,2025-07-07 18:31:00,11,0.05
P028,S7902,ad_watch,2025-07-07 18:22:00,20,0.05
P079,S5531,level_up,2025-07-01 02:52:00,14,0.0
P079,S5531,level_up,2025-07-01 02:55:00,15,0.0
P079,S5531,end_game,2025-07-01 03:02:00,4,0.0
P079,S5531,purchase,2025-07-01 02:58:00,20,9.99
P079,S5531,end_game,2025-07-01 03:04:00,14,0.0
P079,S5531,ad_watch,2025-07-01 03:17:00,16,0.05
P079,S5531,purchase,2025-07-01 03:04:00,9,0.99
P079,S5531,end_game,2025-07-01 03:27:00,18,0.0
P016,S1069,ad_watch,2025-07-02 14:17:00,9,0.05
P016,S1069,end_game,2025-07-02 14:20:00,14,0.0
P016,S1069,start_game,2025-07-02 14:23:00,18,0.0
P016,S1069,ad_watch,2025-07-02 14:32:00,9,0.05
P016,S1069,end_game,2025-07-02 14:21:00,14,0.0
P016,S1069,purchase,2025-07-02 14:42:00,10,4.99
P085,S8643,end_game,2025-07-06 00:22:00,1,0.0
P085,S8643,level_up,2025-07-06 00:23:00,2,0.0
P085,S8643,level_up,2025-07-06 00:28:00,18,0.0
P085,S8643,end_game,2025-07-06 00:28:00,3,0.0
P085,S8643,ad_watch,2025-07-06 00:30:00,12,0.05
P004,S7649,ad_watch,2025-07-05 08:20:00,20,0.05
P004,S7649,start_game,2025-07-05 08:24:00,18,0.0
P004,S7649,start_game,2025-07-05 08:24:00,12,0.0
P004,S7649,level_up,2025-07-05 08:26:00,11,0.0
P004,S7649,purchase,2025-07-05 08:36:00,10,9.99
P024,S7748,start_game,2025-07-07 22:41:00,18,0.0
P024,S7748,ad_watch,2025-07-07 22:42:00,8,0.05
P024,S7748,purchase,2025-07-07 22:49:00,13,4.99
P024,S7748,purchase,2025-07-07 22:47:00,13,4.99
P024,S7748,end_game,2025-07-07 22:57:00,2,0.0
P024,S7748,end_game,2025-07-07 22:56:00,3,0.0
P024,S7748,start_game,2025-07-07 23:05:00,19,0.0
P024,S7748,level_up,2025-07-07 22:55:00,6,0.0
P024,S7748,end_game,2025-07-07 23:13:00,3,0.0
P024,S7748,ad_watch,2025-07-07 23:26:00,6,0.05
P041,S3337,purchase,2025-07-06 14:18:00,13,0.99
P041,S3337,level_up,2025-07-06 14:19:00,2,0.0
P041,S3337,end_game,2025-07-06 14:24:00,14,0.0
P041,S3337,purchase,2025-07-06 14:24:00,2,0.99
P041,S3337,purchase,2025-07-06 14:22:00,12,4.99
P095,S3582,start_game,2025-07-01 17:28:00,10,0.0
P095,S3582,level_up,2025-07-01 17:30:00,16,0.0
P095,S3582,ad_watch,2025-07-01 17:36:00,9,0.05
P095,S3582,ad_watch,2025-07-01 17:43:00,20,0.05
P048,S1774,level_up,2025-07-06 06:45:00,6,0.0
P048,S1774,start_game,2025-07-06 06:50:00,1,0.0
P048,S1774,level_up,2025-07-06 06:53:00,20,0.0
P048,S1774,level_up,2025-07-06 06:54:00,16,0.0
P048,S1774,purchase,2025-07-06 07:01:00,9,4.99
P032,S4050,start_game,2025-07-06 00:55:00,7,0.0
P032,S4050,end_game,2025-07-06 00:59:00,3,0.0
P032,S4050,level_up,2025-07-06 01:03:00,20,0.0
P032,S4050,ad_watch,2025-07-06 01:01:00,17,0.05
P032,S4050,purchase,2025-07-06 01:15:00,12,1.99
P032,S4050,purchase,2025-07-06 01:10:00,10,0.99
P032,S4050,end_game,2025-07-06 01:07:00,13,0.0
P032,S4050,ad_watch,2025-07-06 01:30:00,4,0.05
P005,S7252,end_game,2025-07-03 10:55:00,10,0.0
P005,S7252,start_game,2025-07-03 10:57:00,20,0.0
P005,S7252,end_game,2025-07-03 10:59:00,16,0.0
P058,S3144,start_game,2025-07-01 08:47:00,6,0.0
P058,S3144,ad_watch,2025-07-01 08:50:00,16,0.05
P058,S3144,level_up,2025-07-01 08:53:00,13,0.0
P058,S3144,end_game,2025-07-01 08:56:00,11,0.0
P058,S3144,ad_watch,2025-07-01 08:51:00,5,0.05
P058,S3144,start_game,2025-07-01 09:02:00,9,0.0
P058,S3144,purchase,2025-07-01 08:53:00,15,9.99
P012,S6649,purchase,2025-07-04 12:22:00,7,0.99
P012,S6649,start_game,2025-07-04 12:26:00,13,0.0
P012,S6649,purchase,2025-07-04 12:28:00,12,1.99
P012,S6649,level_up,2025-07-04 12:37:00,17,0.0
P012,S6649,purchase,2025-07-04 12:30:00,9,4.99
P050,S7709,end_game,2025-07-02 02:31:00,16,0.0
P050,S7709,end_game,2025-07-02 02:35:00,19,0.0
P050,S7709,level_up,2025-07-02 02:33:00,12,0.0
P050,S7709,start_game,2025-07-02 02:46:00,1,0.0
P050,S7709,level_up,2025-07-02 02:43:00,3,0.0
P050,S7709,level_up,2025-07-02 02:51:00,12,0.0
P100,S9410,start_game,2025-07-05 05:37:00,6,0.0
P100,S9410,end_game,2025-07-05 05:41:00,2,0.0
P100,S9410,purchase,2025-07-05 05:47:00,14,0.99
P100,S9410,level_up,2025-07-05 05:43:00,2,0.0
P100,S9410,level_up,2025-07-05 05:49:00,14,0.0
P100,S9410,level_up,2025-07-05 05:42:00,4,0.0
P100,S9410,start_game,2025-07-05 05:55:00,15,0.0
P100,S9410,start_game,2025-07-05 05:51:00,18,0.0
P100,S9410,level_up,2025-07-05 05:53:00,14,0.0
P100,S9410,level_up,2025-07-05 06:13:00,10,0.0
P044,S3676,ad_watch,2025-07-04 16:40:00,4,0.05
P044,S3676,start_game,2025-07-04 16:43:00,4,0.0
P044,S3676,purchase,2025-07-04 16:50:00,7,4.99
P044,S3676,start_game,2025-07-04 16:49:00,6,0.0
P044,S3676,purchase,2025-07-04 16:44:00,18,0.99
P044,S3676,level_up,2025-07-04 16:45:00,8,0.0
P044,S3676,purchase,2025-07-04 16:58:00,2,4.99
P034,S1197,purchase,2025-07-03 13:45:00,17,4.99
P034,S1197,end_game,2025-07-03 13:48:00,5,0.0
P034,S1197,end_game,2025-07-03 13:55:00,8,0.0
P034,S1197,start_game,2025-07-03 13:54:00,14,0.0
P034,S1197,start_game,2025-07-03 14:01:00,13,0.0
P034,S1197,purchase,2025-07-03 13:50:00,20,0.99
P034,S1197,start_game,2025-07-03 14:03:00,6,0.0
P034,S1197,end_game,2025-07-03 13:59:00,12,0.0
P034,S1197,purchase,2025-07-03 14:09:00,17,0.99
P051,S5529,purchase,2025-07-06 19:13:00,5,4.99
P051,S5529,end_game,2025-07-06 19:14:00,11,0.0
P051,S5529,ad_watch,2025-07-06 19:15:00,1,0.05
P051,S5529,ad_watch,2025-07-06 19:25:00,5,0.05
P051,S5529,level_up,2025-07-06 19:33:00,19,0.0
P051,S5529,end_game,2025-07-06 19:18:00,20,0.0
P051,S5529,end_game,2025-07-06 19:19:00,18,0.0
P051,S5529,end_game,2025-07-06 19:48:00,9,0.0
P051,S5529,end_game,2025-07-06 19:53:00,7,0.0
P094,S9400,purchase,2025-07-07 20:00:00,15,4.99
P094,S9400,level_up,2025-07-07 20:03:00,1,0.0
P094,S9400,ad_watch,2025-07-07 20:10:00,3,0.05
P094,S9400,ad_watch,2025-07-07 20:06:00,15,0.05
P094,S9400,level_up,2025-07-07 20:20:00,16,0.0
P094,S9400,end_game,2025-07-07 20:25:00,2,0.0
P094,S9400,end_game,2025-07-07 20:30:00,3,0.0
P094,S9400,purchase,2025-07-07 20:28:00,5,0.99
P094,S9400,end_game,2025-07-07 20:24:00,2,0.0
P094,S9400,ad_watch,2025-07-07 20:27:00,8,0.05
P050,S3720,end_game,2025-07-07 12:52:00,3,0.0
P050,S3720,level_up,2025-07-07 12:54:00,14,0.0
P050,S3720,start_game,2025-07-07 12:58:00,9,0.0
P050,S3720,purchase,2025-07-07 13:01:00,7,0.99
P050,S3720,ad_watch,2025-07-07 13:04:00,12,0.05
P089,S2850,start_game,2025-07-05 11:30:00,1,0.0
P089,S2850,end_game,2025-07-05 11:35:00,16,0.0
P089,S2850,start_game,2025-07-05 11:40:00,19,0.0
P089,S2850,end_game,2025-07-05 11:39:00,8,0.0
P089,S2850,ad_watch,2025-07-05 11:50:00,13,0.05
P089,S2850,purchase,2025-07-05 11:45:00,3,4.99
P089,S2850,level_up,2025-07-05 11:36:00,18,0.0
P053,S5700,start_game,2025-07-03 06:21:00,16,0.0
P053,S5700,end_game,2025-07-03 06:25:00,9,0.0
P053,S5700,end_game,2025-07-03 06:29:00,20,0.0
P053,S5700,end_game,2025-07-03 06:27:00,15,0.0
P053,S5700,end_game,2025-07-03 06:37:00,18,0.0
P053,S5700,end_game,2025-07-03 06:36:00,7,0.0
P053,S5700,ad_watch,2025-07-03 06:45:00,12,0.05
P053,S5700,purchase,2025-07-03 06:42:00,7,0.99
P097,S7887,start_game,2025-07-01 23:57:00,18,0.0
P097,S7887,start_game,2025-07-01 23:59:00,16,0.0
P097,S7887,ad_watch,2025-07-02 00:05:00,12,0.05
P097,S7887,start_game,2025-07-02 00:09:00,2,0.0
P086,S6421,end_game,2025-07-07 17:26:00,9,0.0
P086,S6421,start_game,2025-07-07 17:27:00,11,0.0
P086,S6421,ad_watch,2025-07-07 17:36:00,12,0.05
P086,S6421,level_up,2025-07-07 17:41:00,10,0.0
P086,S6421,end_game,2025-07-07 17:34:00,3,0.0
P086,S6421,start_game,2025-07-07 17:51:00,4,0.0
P086,S6421,start_game,2025-07-07 17:38:00,3,0.0
P049,S3439,level_up,2025-07-01 10:28:00,13,0.0
P049,S3439,purchase,2025-07-01 10:31:00,17,0.99
P049,S3439,purchase,2025-07-01 10:34:00,18,4.99
P049,S3439,level_up,2025-07-01 10:40:00,18,0.0
P015,S9792,purchase,2025-07-04 23:03:00,19,1.99
P015,S9792,ad_watch,2025-07-04 23:05:00,18,0.05
P015,S9792,start_game,2025-07-04 23:11:00,11,0.0
P015,S9792,start_game,2025-07-04 23:06:00,11,0.0
P015,S9792,end_game,2025-07-04 23:23:00,15,0.0
P015,S9792,end_game,2025-07-04 23:28:00,19,0.0
P015,S9792,start_game,2025-07-04 23:15:00,20,0.0
P015,S9792,purchase,2025-07-04 23:31:00,10,4.99
P015,S9792,level_up,2025-07-04 23:27:00,19,0.0
P015,S9792,ad_watch,2025-07-04 23:48:00,20,0.05
P019,S7076,end_game,2025-07-07 12:53:00,18,0.0
P019,S7076,level_up,2025-07-07 12:54:00,12,0.0
P019,S7076,purchase,2025-07-07 12:55:00,4,0.99
P064,S4566,level_up,2025-07-02 12:48:00,12,0.0
P064,S4566,purchase,2025-07-02 12:52:00,16,0.99
P064,S4566,ad_watch,2025-07-02 12:52:00,4,0.05
P064,S4566,level_up,2025-07-02 12:51:00,1,0.0
P064,S4566,end_game,2025-07-02 12:52:00,12,0.0
P064,S4566,start_game,2025-07-02 12:53:00,13,0.0
P064,S4566,level_up,2025-07-02 13:18:00,3,0.0
P064,S4566,purchase,2025-07-02 13:23:00,7,4.99
P045,S8048,purchase,2025-07-05 22:11:00,11,1.99
P045,S8048,ad_watch,2025-07-05 22:13:00,14,0.05
P045,S8048,start_game,2025-07-05 22:13:00,8,0.0
P045,S8048,level_up,2025-07-05 22:17:00,14,0.0
P006,S7922,ad_watch,2025-07-04 13:43:00,5,0.05
P006,S7922,ad_watch,2025-07-04 13:46:00,6,0.05
P006,S7922,start_game,2025-07-04 13:53:00,18,0.0
P006,S7922,ad_watch,2025-07-04 13:58:00,20,0.05
P006,S7922,end_game,2025-07-04 13:59:00,16,0.0
P006,S7922,ad_watch,2025-07-04 14:08:00,15,0.05
P006,S7922,end_game,2025-07-04 14:01:00,15,0.0
P006,S7922,level_up,2025-07-04 14:04:00,12,0.0
P006,S7922,level_up,2025-07-04 13:59:00,15,0.0
P080,S9114,start_game,2025-07-04 20:04:00,8,0.0
P080,S9114,purchase,2025-07-04 20:05:00,13,1.99
P080,S9114,end_game,2025-07-04 20:14:00,19,0.0
P080,S9114,ad_watch,2025-07-04 20:10:00,6,0.05
P080,S9114,ad_watch,2025-07-04 20:12:00,5,0.05
P080,S9114,end_game,2025-07-04 20:14:00,4,0.0
P081,S6783,level_up,2025-07-04 18:26:00,4,0.0
P081,S6783,ad_watch,2025-07-04 18:27:00,19,0.05
P081,S6783,start_game,2025-07-04 18:32:00,6,0.0
P081,S6783,start_game,2025-07-04 18:41:00,9,0.0
P081,S6783,purchase,2025-07-04 18:34:00,4,0.99
P081,S6783,ad_watch,2025-07-04 18:36:00,12,0.05
P081,S6783,start_game,2025-07-04 18:50:00,8,0.0
P081,S6783,start_game,2025-07-04 18:33:00,11,0.0
P066,S3875,purchase,2025-07-04 22:13:00,10,0.99
P066,S3875,level_up,2025-07-04 22:15:00,16,0.0
P066,S3875,purchase,2025-07-04 22:17:00,6,9.99
P066,S3875,ad_watch,2025-07-04 22:25:00,15,0.05
P066,S3875,level_up,2025-07-04 22:29:00,7,0.0
P009,S3752,purchase,2025-07-01 20:27:00,20,1.99
P009,S3752,level_up,2025-07-01 20:28:00,1,0.0
P009,S3752,level_up,2025-07-01 20:33:00,3,0.0
P009,S3752,end_game,2025-07-01 20:42:00,15,0.0
P009,S3752,end_game,2025-07-01 20:39:00,3,0.0
P009,S3752,level_up,2025-07-01 20:47:00,17,0.0
P009,S3752,start_game,2025-07-01 20:51:00,18,0.0
P022,S8152,level_up,2025-07-07 22:23:00,11,0.0
P022,S8152,end_game,2025-07-07 22:26:00,14,0.0
P022,S8152,level_up,2025-07-07 22:31:00,8,0.0
P022,S8152,end_game,2025-07-07 22:38:00,19,0.0
P022,S8152,end_game,2025-07-07 22:39:00,20,0.0
P022,S8152,start_game,2025-07-07 22:28:00,15,0.0
P022,S8152,end_game,2025-07-07 22:29:00,19,0.0
P022,S8152,purchase,2025-07-07 22:44:00,14,0.99
P005,S7843,purchase,2025-07-03 19:24:00,2,1.99
P005,S7843,ad_watch,2025-07-03 19:27:00,20,0.05
P005,S7843,start_game,2025-07-03 19:26:00,9,0.0
P005,S7843,level_up,2025-07-03 19:27:00,9,0.0
P005,S7843,level_up,2025-07-03 19:36:00,3,0.0
P005,S7843,ad_watch,2025-07-03 19:29:00,2,0.05
P005,S7843,ad_watch,2025-07-03 19:42:00,1,0.05
P005,S7843,purchase,2025-07-03 19:52:00,13,0.99
P026,S5455,ad_watch,2025-07-05 13:01:00,13,0.05
P026,S5455,ad_watch,2025-07-05 13:06:00,1,0.05
P026,S5455,purchase,2025-07-05 13:11:00,5,9.99
P026,S5455,purchase,2025-07-05 13:10:00,17,0.99
P026,S5455,level_up,2025-07-05 13:13:00,20,0.0
P096,S7096,purchase,2025-07-07 07:17:00,3,4.99
P096,S7096,end_game,2025-07-07 07:18:00,17,0.0
P096,S7096,start_game,2025-07-07 07:19:00,14,0.0
P096,S7096,level_up,2025-07-07 07:23:00,1,0.0
P066,S1031,purchase,2025-07-03 07:33:00,8,0.99
P066,S1031,purchase,2025-07-03 07:35:00,10,1.99
P066,S1031,level_up,2025-07-03 07:35:00,10,0.0
P066,S1031,start_game,2025-07-03 07:42:00,19,0.0
P066,S1031,ad_watch,2025-07-03 07:41:00,10,0.05
P066,S1031,end_game,2025-07-03 07:38:00,13,0.0
P066,S1031,level_up,2025-07-03 07:39:00,7,0.0
P064,S9574,ad_watch,2025-07-04 18:58:00,2,0.05
P064,S9574,level_up,2025-07-04 19:01:00,14,0.0
P064,S9574,ad_watch,2025-07-04 19:08:00,20,0.05
P064,S9574,level_up,2025-07-04 19:01:00,20,0.0
P064,S9574,start_game,2025-07-04 19:18:00,5,0.0
P064,S9574,ad_watch,2025-07-04 19:23:00,19,0.05
P064,S9574,level_up,2025-07-04 19:16:00,8,0.0
P064,S9574,level_up,2025-07-04 19:26:00,8,0.0
P064,S9574,ad_watch,2025-07-04 19:22:00,15,0.05
P064,S9574,start_game,2025-07-04 19:25:00,20,0.0
P002,S6687,ad_watch,2025-07-05 01:10:00,5,0.05
P002,S6687,end_game,2025-07-05 01:15:00,7,0.0
P002,S6687,ad_watch,2025-07-05 01:14:00,7,0.05
P002,S6687,ad_watch,2025-07-05 01:13:00,15,0.05
P085,S2534,purchase,2025-07-07 19:15:00,5,9.99
P085,S2534,level_up,2025-07-07 19:17:00,7,0.0
P085,S2534,end_game,2025-07-07 19:19:00,16,0.0
P085,S2534,level_up,2025-07-07 19:24:00,1,0.0
P085,S2534,level_up,2025-07-07 19:31:00,3,0.0
P085,S2534,level_up,2025-07-07 19:20:00,12,0.0
P085,S2534,start_game,2025-07-07 19:27:00,6,0.0
P085,S2534,level_up,2025-07-07 19:29:00,16,0.0
P085,S2534,ad_watch,2025-07-07 19:55:00,9,0.05
P100,S5057,level_up,2025-07-01 15:37:00,3,0.0
P100,S5057,purchase,2025-07-01 15:41:00,20,1.99
P100,S5057,level_up,2025-07-01 15:45:00,16,0.0
P100,S5057,purchase,2025-07-01 15:52:00,15,1.99
P100,S5057,end_game,2025-07-01 15:49:00,4,0.0
P100,S5057,purchase,2025-07-01 15:57:00,10,0.99
P100,S5057,level_up,2025-07-01 16:01:00,14,0.0
P100,S5057,purchase,2025-07-01 16:05:00,16,0.99
P059,S9777,purchase,2025-07-04 19:40:00,20,0.99
P059,S9777,purchase,2025-07-04 19:45:00,6,4.99
P059,S9777,level_up,2025-07-04 19:42:00,19,0.0
P059,S9777,level_up,2025-07-04 19:55:00,10,0.0
P059,S9777,ad_watch,2025-07-04 19:56:00,1,0.05
P059,S9777,level_up,2025-07-04 20:00:00,14,0.0
P059,S9777,ad_watch,2025-07-04 19:46:00,20,0.05
P059,S9777,level_up,2025-07-04 20:01:00,12,0.0
P059,S9777,level_up,2025-07-04 20:12:00,18,0.0
P059,S9777,purchase,2025-07-04 20:07:00,20,9.99
P006,S2176,end_game,2025-07-05 16:50:00,17,0.0
P006,S2176,end_game,2025-07-05 16:51:00,10,0.0
P006,S2176,level_up,2025-07-05 16:52:00,10,0.0
P006,S2176,end_game,2025-07-05 17:02:00,11,0.0
P006,S2176,purchase,2025-07-05 16:58:00,7,1.99
P006,S2176,purchase,2025-07-05 17:15:00,14,0.99
P019,S6284,level_up,2025-07-03 06:51:00,17,0.0
P019,S6284,level_up,2025-07-03 06:56:00,9,0.0
P019,S6284,level_up,2025-07-03 06:57:00,1,0.0
P019,S6284,purchase,2025-07-03 07:00:00,13,4.99
P019,S6284,level_up,2025-07-03 07:07:00,17,0.0
P051,S6046,start_game,2025-07-07 05:52:00,18,0.0
P051,S6046,purchase,2025-07-07 05:54:00,12,0.99
P051,S6046,end_game,2025-07-07 06:02:00,17,0.0
P051,S6046,ad_watch,2025-07-07 06:07:00,3,0.05
P051,S6046,purchase,2025-07-07 06:00:00,7,4.99
P051,S6046,level_up,2025-07-07 06:12:00,17,0.0
P051,S6046,purchase,2025-07-07 05:58:00,3,1.99
P051,S6046,ad_watch,2025-07-07 06:20:00,16,0.05
P065,S5003,level_up,2025-07-06 15:47:00,19,0.0
P065,S5003,end_game,2025-07-06 15:51:00,16,0.0
P065,S5003,purchase,2025-07-06 15:49:00,2,4.99
P031,S9634,end_game,2025-07-05 19:23:00,18,0.0
P031,S9634,start_game,2025-07-05 19:27:00,18,0.0
P031,S9634,start_game,2025-07-05 19:25:00,20,0.0
P041,S9976,end_game,2025-07-01 20:16:00,1,0.0
P041,S9976,end_game,2025-07-01 20:21:00,9,0.0
P041,S9976,end_game,2025-07-01 20:22:00,4,0.0
P041,S9976,ad_watch,2025-07-01 20:28:00,1,0.05
P041,S9976,level_up,2025-07-01 20:36:00,18,0.0
P041,S9976,purchase,2025-07-01 20:36:00,19,9.99
P041,S9976,level_up,2025-07-01 20:22:00,15,0.0
P041,S9976,level_up,2025-07-01 20:30:00,1,0.0
P041,S9976,end_game,2025-07-01 20:32:00,13,0.0
P049,S3905,start_game,2025-07-03 21:38:00,18,0.0
P049,S3905,start_game,2025-07-03 21:39:00,9,0.0
P049,S3905,level_up,2025-07-03 21:44:00,11,0.0
P049,S3905,end_game,2025-07-03 21:47:00,18,0.0
P049,S3905,purchase,2025-07-03 21:50:00,16,0.99
P049,S3905,start_game,2025-07-03 22:03:00,2,0.0
P023,S7159,end_game,2025-07-01 13:48:00,20,0.0
P023,S7159,purchase,2025-07-01 13:49:00,14,4.99
P023,S7159,purchase,2025-07-01 13:52:00,20,4.99
P023,S7159,end_game,2025-07-01 13:57:00,14,0.0
P023,S7159,purchase,2025-07-01 14:04:00,5,9.99
P023,S7159,ad_watch,2025-07-01 14:08:00,10,0.05
P023,S7159,start_game,2025-07-01 14:00:00,6,0.0
P023,S7159,ad_watch,2025-07-01 14:09:00,16,0.05
P040,S4169,end_game,2025-07-05 03:54:00,13,0.0
P040,S4169,level_up,2025-07-05 03:57:00,11,0.0
P040,S4169,level_up,2025-07-05 03:56:00,16,0.0
P040,S4169,start_game,2025-07-05 04:09:00,12,0.0
P040,S4169,end_game,2025-07-05 04:06:00,7,0.0
P040,S4169,end_game,2025-07-05 03:59:00,4,0.0
P023,S6323,ad_watch,2025-07-01 03:50:00,6,0.05
P023,S6323,end_game,2025-07-01 03:54:00,7,0.0
P023,S6323,start_game,2025-07-01 03:58:00,15,0.0
P023,S6323,end_game,2025-07-01 04:05:00,17,0.0
P023,S6323,end_game,2025-07-01 04:06:00,5,0.0
P023,S6323,end_game,2025-07-01 04:15:00,1,0.0
P023,S6323,level_up,2025-07-01 04:20:00,7,0.0
P023,S6323,end_game,2025-07-01 04:18:00,18,0.0
P023,S6323,end_game,2025-07-01 04:06:00,2,0.0
P023,S6323,purchase,2025-07-01 04:17:00,17,1.99
P077,S8913,purchase,2025-07-06 06:06:00,2,9.99
P077,S8913,ad_watch,2025-07-06 06:10:00,9,0.05
P077,S8913,purchase,2025-07-06 06:08:00,12,1.99
P018,S2386,ad_watch,2025-07-04 22:11:00,8,0.05
P018,S2386,ad_watch,2025-07-04 22:14:00,10,0.05
P018,S2386,purchase,2025-07-04 22:19:00,8,4.99
P018,S2386,ad_watch,2025-07-04 22:20:00,19,0.05
P018,S2386,end_game,2025-07-04 22:15:00,3,0.0
P018,S2386,ad_watch,2025-07-04 22:21:00,14,0.05
P018,S2386,level_up,2025-07-04 22:35:00,12,0.0
P018,S2386,start_game,2025-07-04 22:39:00,1,0.0
P018,S2386,end_game,2025-07-04 22:51:00,2,0.0
P018,S2386,purchase,2025-07-04 22:20:00,18,9.99
P079,S7182,start_game,2025-07-07 20:26:00,16,0.0
P079,S7182,ad_watch,2025-07-07 20:28:00,2,0.05
P079,S7182,level_up,2025-07-07 20:30:00,2,0.0
P079,S7182,ad_watch,2025-07-07 20:29:00,1,0.05
P079,S7182,ad_watch,2025-07-07 20:34:00,12,0.05
P079,S7182,ad_watch,2025-07-07 20:31:00,12,0.05
P079,S7182,start_game,2025-07-07 20:50:00,12,0.0
P079,S7182,purchase,2025-07-07 21:01:00,17,4.99
P079,S7182,level_up,2025-07-07 20:50:00,7,0.0
P086,S5118,level_up,2025-07-02 06:22:00,14,0.0
P086,S5118,level_up,2025-07-02 06:25:00,5,0.0
P086,S5118,start_game,2025-07-02 06:30:00,4,0.0
P086,S5118,start_game,2025-07-02 06:34:00,7,0.0
P037,S5570,purchase,2025-07-05 16:15:00,10,9.99
P037,S5570,purchase,2025-07-05 16:20:00,19,1.99
P037,S5570,end_game,2025-07-05 16:19:00,2,0.0
P037,S5570,end_game,2025-07-05 16:27:00,16,0.0
P037,S5570,start_game,2025-07-05 16:23:00,6,0.0
P068,S9819,ad_watch,2025-07-04 20:24:00,3,0.05
P068,S9819,end_game,2025-07-04 20:29:00,11,0.0
P068,S9819,purchase,2025-07-04 20:26:00,13,0.99
P068,S9819,start_game,2025-07-04 20:27:00,15,0.0
P069,S5599,purchase,2025-07-06 06:34:00,20,0.99
P069,S5599,start_game,2025-07-06 06:36:00,19,0.0
P069,S5599,level_up,2025-07-06 06:44:00,1,0.0
P069,S5599,end_game,2025-07-06 06:37:00,12,0.0
P063,S9362,purchase,2025-07-06 14:54:00,17,0.99
P063,S9362,end_game,2025-07-06 14:56:00,15,0.0
P063,S9362,ad_watch,2025-07-06 14:58:00,10,0.05
P063,S9362,start_game,2025-07-06 15:03:00,3,0.0
P063,S9362,purchase,2025-07-06 14:58:00,9,9.99
P063,S9362,start_game,2025-07-06 15:04:00,11,0.0
P063,S9362,ad_watch,2025-07-06 15:00:00,8,0.05
P063,S9362,start_game,2025-07-06 15:15:00,3,0.0
P063,S9362,end_game,2025-07-06 15:02:00,9,0.0
P031,S4364,purchase,2025-07-03 19:31:00,20,9.99
P031,S4364,start_game,2025-07-03 19:35:00,12,0.0
P031,S4364,start_game,2025-07-03 19:35:00,5,0.0
P031,S4364,end_game,2025-07-03 19:37:00,16,0.0
P031,S4364,level_up,2025-07-03 19:47:00,4,0.0
P040,S2517,end_game,2025-07-02 22:25:00,8,0.0
P040,S2517,end_game,2025-07-02 22:26:00,13,0.0
P040,S2517,ad_watch,2025-07-02 22:33:00,10,0.05
P014,S4251,ad_watch,2025-07-06 05:51:00,10,0.05
P014,S4251,purchase,2025-07-06 05:55:00,13,0.99
P014,S4251,end_game,2025-07-06 05:57:00,9,0.0
P014,S4251,ad_watch,2025-07-06 06:00:00,8,0.05
P014,S4251,level_up,2025-07-06 06:11:00,11,0.0
P014,S4251,end_game,2025-07-06 06:11:00,18,0.0
P014,S4251,ad_watch,2025-07-06 06:15:00,7,0.05
P020,S6640,purchase,2025-07-02 04:29:00,2,0.99
P020,S6640,purchase,2025-07-02 04:32:00,10,1.99
P020,S6640,level_up,2025-07-02 04:37:00,1,0.0
P020,S6640,purchase,2025-07-02 04:44:00,8,0.99
P020,S6640,start_game,2025-07-02 04:41:00,3,0.0
P020,S6640,end_game,2025-07-02 04:34:00,10,0.0
P020,S6640,start_game,2025-07-02 04:41:00,7,0.0
P020,S6640,end_game,2025-07-02 05:04:00,11,0.0
P020,S6640,end_game,2025-07-02 04:37:00,1,0.0
P020,S6640,purchase,2025-07-02 05:05:00,4,0.99
P059,S4402,end_game,2025-07-01 11:24:00,9,0.0
P059,S4402,end_game,2025-07-01 11:26:00,8,0.0
P059,S4402,ad_watch,2025-07-01 11:32:00,11,0.05
P059,S4402,end_game,2025-07-01 11:27:00,20,0.0
P059,S4402,end_game,2025-07-01 11:28:00,2,0.0
P059,S4402,level_up,2025-07-01 11:49:00,15,0.0
P080,S1458,end_game,2025-07-01 12:54:00,3,0.0
P080,S1458,end_game,2025-07-01 12:57:00,18,0.0
P080,S1458,level_up,2025-07-01 13:02:00,18,0.0
P080,S1458,start_game,2025-07-01 13:00:00,12,0.0
P080,S1458,end_game,2025-07-01 13:06:00,18,0.0
P080,S1458,start_game,2025-07-01 12:59:00,9,0.0
P080,S1458,level_up,2025-07-01 13:24:00,18,0.0
P080,S1458,start_game,2025-07-01 13:29:00,5,0.0
P015,S8579,purchase,2025-07-01 14:43:00,14,0.99
P015,S8579,ad_watch,2025-07-01 14:46:00,13,0.05
P015,S8579,ad_watch,2025-07-01 14:51:00,3,0.05
P015,S8579,level_up,2025-07-01 14:52:00,5,0.0
P015,S8579,end_game,2025-07-01 14:51:00,11,0.0
P015,S8579,end_game,2025-07-01 15:08:00,19,0.0
P077,S9476,ad_watch,2025-07-06 15:53:00,10,0.05
P077,S9476,end_game,2025-07-06 15:57:00,16,0.0
P077,S9476,start_game,2025-07-06 16:03:00,15,0.0
P077,S9476,level_up,2025-07-06 15:56:00,2,0.0
P077,S9476,level_up,2025-07-06 16:01:00,18,0.0
P077,S9476,ad_watch,2025-07-06 15:58:00,3,0.05
P077,S9476,start_game,2025-07-06 16:05:00,5,0.0
P077,S9476,end_game,2025-07-06 16:21:00,19,0.0
P077,S9476,start_game,2025-07-06 16:33:00,20,0.0
P077,S9476,ad_watch,2025-07-06 16:11:00,18,0.05
P021,S7528,end_game,2025-07-07 06:51:00,17,0.0
P021,S7528,ad_watch,2025-07-07 06:55:00,4,0.05
P021,S7528,level_up,2025-07-07 06:59:00,13,0.0
P021,S7528,ad_watch,2025-07-07 06:54:00,12,0.05
P021,S7528,purchase,2025-07-07 06:55:00,20,0.99
P021,S7528,purchase,2025-07-07 07:01:00,14,4.99
P021,S7528,purchase,2025-07-07 07:03:00,20,0.99
P021,S7528,purchase,2025-07-07 07:26:00,18,1.99
P021,S7528,ad_watch,2025-07-07 07:23:00,2,0.05
P044,S3970,start_game,2025-07-05 02:20:00,2,0.0
P044,S3970,end_game,2025-07-05 02:22:00,11,0.0
P044,S3970,end_game,2025-07-05 02:28:00,3,0.0
P044,S3970,level_up,2025-07-05 02:29:00,20,0.0
P044,S3970,ad_watch,2025-07-05 02:40:00,10,0.05
P044,S3970,level_up,2025-07-05 02:45:00,1,0.0
P044,S3970,end_game,2025-07-05 02:26:00,16,0.0
P087,S4047,level_up,2025-07-01 12:39:00,18,0.0
P087,S4047,level_up,2025-07-01 12:40:00,16,0.0
P087,S4047,ad_watch,2025-07-01 12:47:00,15,0.05
P087,S4047,level_up,2025-07-01 12:48:00,3,0.0
P087,S4047,start_game,2025-07-01 12:59:00,14,0.0
P046,S5965,start_game,2025-07-02 00:45:00,20,0.0
P046,S5965,purchase,2025-07-02 00:50:00,6,0.99
P046,S5965,ad_watch,2025-07-02 00:53:00,4,0.05
P046,S5965,start_game,2025-07-02 00:48:00,2,0.0
P046,S5965,end_game,2025-07-02 00:53:00,2,0.0
P036,S5965,end_game,2025-07-06 15:47:00,16,0.0
P036,S5965,purchase,2025-07-06 15:49:00,4,0.99
P036,S5965,purchase,2025-07-06 15:51:00,17,0.99
P036,S5965,purchase,2025-07-06 15:50:00,14,4.99
P036,S5965,ad_watch,2025-07-06 16:03:00,19,0.05
P036,S5965,ad_watch,2025-07-06 16:02:00,18,0.05
P036,S5965,ad_watch,2025-07-06 16:17:00,17,0.05
P036,S5965,purchase,2025-07-06 16:22:00,17,1.99
P036,S1053,start_game,2025-07-05 02:10:00,1,0.0
P036,S1053,start_game,2025-07-05 02:11:00,3,0.0
P036,S1053,start_game,2025-07-05 02:12:00,3,0.0
P036,S1053,ad_watch,2025-07-05 02:16:00,16,0.05
P036,S1053,level_up,2025-07-05 02:26:00,8,0.0
P036,S1053,level_up,2025-07-05 02:35:00,10,0.0
P036,S1053,purchase,2025-07-05 02:40:00,13,4.99
P036,S1053,ad_watch,2025-07-05 02:31:00,5,0.05
P036,S1053,ad_watch,2025-07-05 02:26:00,7,0.05
P036,S1053,start_game,2025-07-05 02:28:00,18,0.0
P084,S7826,purchase,2025-07-07 16:08:00,1,9.99
P084,S7826,start_game,2025-07-07 16:11:00,9,0.0
P084,S7826,purchase,2025-07-07 16:10:00,4,9.99
P084,S7826,start_game,2025-07-07 16:14:00,7,0.0
P084,S7826,end_game,2025-07-07 16:12:00,13,0.0
P084,S7826,level_up,2025-07-07 16:28:00,14,0.0
P084,S7826,purchase,2025-07-07 16:20:00,3,4.99
P028,S7893,start_game,2025-07-06 07:54:00,2,0.0
P028,S7893,level_up,2025-07-06 07:59:00,17,0.0
P028,S7893,ad_watch,2025-07-06 07:56:00,4,0.05
P028,S7893,start_game,2025-07-06 08:03:00,9,0.0
P045,S5629,level_up,2025-07-07 11:02:00,2,0.0
P045,S5629,purchase,2025-07-07 11:04:00,4,1.99
P045,S5629,level_up,2025-07-07 11:06:00,3,0.0
P045,S5629,start_game,2025-07-07 11:05:00,20,0.0
P045,S5629,start_game,2025-07-07 11:18:00,12,0.0
P045,S5629,end_game,2025-07-07 11:17:00,8,0.0
P045,S5629,ad_watch,2025-07-07 11:32:00,16,0.05
P045,S5629,ad_watch,2025-07-07 11:37:00,3,0.05
P045,S5629,level_up,2025-07-07 11:42:00,4,0.0
P045,S5629,end_game,2025-07-07 11:47:00,2,0.0
P023,S5960,end_game,2025-07-02 18:47:00,19,0.0
P023,S5960,start_game,2025-07-02 18:49:00,4,0.0
P023,S5960,purchase,2025-07-02 18:49:00,19,1.99
P023,S5960,start_game,2025-07-02 18:53:00,17,0.0
P023,S5960,level_up,2025-07-02 19:03:00,20,0.0
P023,S5960,ad_watch,2025-07-02 18:52:00,2,0.05
P095,S2373,level_up,2025-07-02 14:36:00,2,0.0
P095,S2373,purchase,2025-07-02 14:40:00,1,0.99
P095,S2373,start_game,2025-07-02 14:42:00,12,0.0
P095,S2373,level_up,2025-07-02 14:45:00,16,0.0
P095,S2373,start_game,2025-07-02 14:48:00,11,0.0
P095,S2373,level_up,2025-07-02 14:51:00,8,0.0
P085,S4459,end_game,2025-07-07 12:21:00,4,0.0
P085,S4459,purchase,2025-07-07 12:23:00,14,0.99
P085,S4459,level_up,2025-07-07 12:23:00,15,0.0
P040,S9978,end_game,2025-07-03 00:50:00,14,0.0
P040,S9978,ad_watch,2025-07-03 00:52:00,10,0.05
P040,S9978,purchase,2025-07-03 00:58:00,4,1.99
P040,S9978,ad_watch,2025-07-03 00:59:00,9,0.05
P040,S9978,end_game,2025-07-03 00:58:00,1,0.0
P040,S9978,purchase,2025-07-03 01:15:00,1,1.99
P040,S9978,start_game,2025-07-03 00:56:00,8,0.0
P040,S9978,level_up,2025-07-03 01:04:00,5,0.0
P051,S1850,start_game,2025-07-07 10:43:00,17,0.0
P051,S1850,ad_watch,2025-07-07 10:48:00,15,0.05
P051,S1850,purchase,2025-07-07 10:47:00,6,9.99
P070,S6614,end_game,2025-07-01 06:47:00,5,0.0
P070,S6614,purchase,2025-07-01 06:50:00,5,4.99
P070,S6614,level_up,2025-07-01 06:53:00,18,0.0
P070,S6614,start_game,2025-07-01 06:53:00,15,0.0
P070,S6614,end_game,2025-07-01 07:07:00,7,0.0
P070,S6614,ad_watch,2025-07-01 06:57:00,17,0.05
P047,S6799,level_up,2025-07-06 19:22:00,8,0.0
P047,S6799,purchase,2025-07-06 19:23:00,18,9.99
P047,S6799,ad_watch,2025-07-06 19:28:00,7,0.05
P047,S6799,ad_watch,2025-07-06 19:25:00,20,0.05
P047,S6799,end_game,2025-07-06 19:34:00,18,0.0
P047,S6799,end_game,2025-07-06 19:47:00,3,0.0
P067,S3230,ad_watch,2025-07-07 08:55:00,10,0.05
P067,S3230,ad_watch,2025-07-07 08:59:00,20,0.05
P067,S3230,ad_watch,2025-07-07 09:03:00,13,0.05
P067,S3230,ad_watch,2025-07-07 09:04:00,5,0.05
P067,S3230,ad_watch,2025-07-07 09:15:00,6,0.05
P067,S3230,end_game,2025-07-07 09:15:00,6,0.0
P092,S1571,purchase,2025-07-03 23:03:00,18,4.99
P092,S1571,purchase,2025-07-03 23:04:00,20,4.99
P092,S1571,level_up,2025-07-03 23:11:00,19,0.0
P092,S1571,level_up,2025-07-03 23:15:00,19,0.0
P010,S8279,level_up,2025-07-03 05:32:00,19,0.0
P010,S8279,end_game,2025-07-03 05:36:00,2,0.0
P010,S8279,ad_watch,2025-07-03 05:42:00,9,0.05
P010,S8279,start_game,2025-07-03 05:35:00,15,0.0
P010,S8279,start_game,2025-07-03 05:40:00,6,0.0
P010,S8279,ad_watch,2025-07-03 05:42:00,4,0.05
P076,S7315,purchase,2025-07-05 00:32:00,3,1.99
P076,S7315,start_game,2025-07-05 00:34:00,2,0.0
P076,S7315,purchase,2025-07-05 00:40:00,14,9.99
P076,S7315,level_up,2025-07-05 00:41:00,12,0.0
P076,S7315,purchase,2025-07-05 00:40:00,9,1.99
P076,S7315,purchase,2025-07-05 00:52:00,15,0.99
P025,S5822,level_up,2025-07-04 01:59:00,15,0.0
P025,S5822,level_up,2025-07-04 02:03:00,13,0.0
P025,S5822,ad_watch,2025-07-04 02:07:00,1,0.05
P025,S5822,start_game,2025-07-04 02:02:00,6,0.0
P025,S5822,end_game,2025-07-04 02:15:00,2,0.0
P025,S5822,start_game,2025-07-04 02:19:00,5,0.0
P025,S5822,ad_watch,2025-07-04 02:05:00,14,0.05
P025,S5822,end_game,2025-07-04 02:06:00,14,0.0
P025,S5822,start_game,2025-07-04 02:15:00,16,0.0
P025,S5822,level_up,2025-07-04 02:17:00,10,0.0
P033,S1566,end_game,2025-07-02 06:55:00,1,0.0
P033,S1566,end_game,2025-07-02 06:57:00,11,0.0
P033,S1566,purchase,2025-07-02 06:59:00,2,4.99
P033,S1566,start_game,2025-07-02 07:10:00,17,0.0
P033,S1566,end_game,2025-07-02 07:03:00,9,0.0
P033,S1566,start_game,2025-07-02 07:05:00,15,0.0
P033,S1566,purchase,2025-07-02 07:07:00,3,1.99
P033,S1566,level_up,2025-07-02 07:09:00,13,0.0
P033,S1566,start_game,2025-07-02 07:19:00,5,0.0
P090,S9941,start_game,2025-07-04 17:49:00,14,0.0
P090,S9941,ad_watch,2025-07-04 17:52:00,9,0.05
P090,S9941,end_game,2025-07-04 17:51:00,17,0.0
P090,S9941,ad_watch,2025-07-04 17:52:00,10,0.05
P090,S9941,end_game,2025-07-04 17:53:00,4,0.0
P030,S6531,purchase,2025-07-02 00:10:00,15,1.99
P030,S6531,start_game,2025-07-02 00:13:00,20,0.0
P030,S6531,ad_watch,2025-07-02 00:12:00,20,0.05
P030,S6531,start_game,2025-07-02 00:13:00,14,0.0
P030,S6531,start_game,2025-07-02 00:26:00,5,0.0
P030,S6531,ad_watch,2025-07-02 00:20:00,9,0.05
P030,S6531,purchase,2025-07-02 00:28:00,2,1.99
P030,S6531,level_up,2025-07-02 00:38:00,8,0.0
P030,S6531,purchase,2025-07-02 00:50:00,16,1.99
P028,S6844,purchase,2025-07-02 05:20:00,1,0.99
P028,S6844,end_game,2025-07-02 05:22:00,17,0.0
P028,S6844,level_up,2025-07-02 05:30:00,19,0.0
P028,S6844,purchase,2025-07-02 05:23:00,14,0.99
P028,S6844,purchase,2025-07-02 05:36:00,14,4.99
P028,S6844,end_game,2025-07-02 05:35:00,5,0.0
P028,S6844,end_game,2025-07-02 05:44:00,12,0.0
P028,S6844,purchase,2025-07-02 05:48:00,4,0.99
P028,S6844,ad_watch,2025-07-02 05:52:00,3,0.05
P028,S6844,start_game,2025-07-02 06:05:00,16,0.0
P018,S4687,level_up,2025-07-03 13:59:00,17,0.0
P018,S4687,end_game,2025-07-03 14:00:00,13,0.0
P018,S4687,level_up,2025-07-03 14:03:00,13,0.0
P018,S4687,end_game,2025-07-03 14:05:00,4,0.0
P018,S4687,level_up,2025-07-03 14:11:00,15,0.0
P018,S4687,end_game,2025-07-03 14:04:00,1,0.0
P018,S4687,start_game,2025-07-03 14:29:00,3,0.0
P018,S4687,start_game,2025-07-03 14:06:00,10,0.0
P018,S4687,start_game,2025-07-03 14:39:00,6,0.0
P081,S1047,start_game,2025-07-02 20:00:00,4,0.0
P081,S1047,ad_watch,2025-07-02 20:04:00,20,0.05
P081,S1047,start_game,2025-07-02 20:04:00,5,0.0
P081,S1047,purchase,2025-07-02 20:06:00,11,1.99
P081,S1047,purchase,2025-07-02 20:12:00,14,9.99
P081,S1047,end_game,2025-07-02 20:25:00,3,0.0
P081,S1047,purchase,2025-07-02 20:12:00,12,1.99
P081,S1047,ad_watch,2025-07-02 20:14:00,3,0.05
P081,S1047,purchase,2025-07-02 20:32:00,9,9.99
P024,S7792,start_game,2025-07-01 16:00:00,3,0.0
P024,S7792,start_game,2025-07-01 16:05:00,17,0.0
P024,S7792,level_up,2025-07-01 16:06:00,20,0.0
P024,S7792,end_game,2025-07-01 16:03:00,2,0.0
P024,S7792,purchase,2025-07-01 16:16:00,18,9.99
P024,S7792,ad_watch,2025-07-01 16:15:00,12,0.05
P024,S7792,level_up,2025-07-01 16:06:00,3,0.0
P024,S7792,start_game,2025-07-01 16:35:00,20,0.0
P024,S7792,level_up,2025-07-01 16:24:00,19,0.0
P044,S6009,end_game,2025-07-04 04:15:00,7,0.0
P044,S6009,purchase,2025-07-04 04:16:00,6,4.99
P044,S6009,end_game,2025-07-04 04:23:00,6,0.0
P078,S9075,ad_watch,2025-07-05 14:04:00,4,0.05
P078,S9075,start_game,2025-07-05 14:07:00,5,0.0
P078,S9075,level_up,2025-07-05 14:06:00,6,0.0
P078,S9075,level_up,2025-07-05 14:10:00,8,0.0
P078,S9075,start_game,2025-07-05 14:12:00,1,0.0
P028,S7556,ad_watch,2025-07-02 00:04:00,11,0.05
P028,S7556,start_game,2025-07-02 00:09:00,7,0.0
P028,S7556,level_up,2025-07-02 00:06:00,1,0.0
P056,S5657,level_up,2025-07-05 04:07:00,3,0.0
P056,S5657,end_game,2025-07-05 04:09:00,13,0.0
P056,S5657,start_game,2025-07-05 04:11:00,14,0.0
P056,S5657,ad_watch,2025-07-05 04:19:00,8,0.05
P056,S5657,start_game,2025-07-05 04:11:00,3,0.0
P056,S5657,end_game,2025-07-05 04:32:00,19,0.0
P057,S8775,end_game,2025-07-04 09:58:00,12,0.0
P057,S8775,end_game,2025-07-04 10:00:00,16,0.0
P057,S8775,ad_watch,2025-07-04 10:00:00,12,0.05
P057,S8775,start_game,2025-07-04 10:01:00,15,0.0
P057,S8775,end_game,2025-07-04 10:06:00,8,0.0
P057,S8775,ad_watch,2025-07-04 10:18:00,3,0.05
P057,S8775,ad_watch,2025-07-04 10:16:00,17,0.05
P057,S8775,ad_watch,2025-07-04 10:19:00,8,0.05
P057,S8775,ad_watch,2025-07-04 10:22:00,7,0.05
P057,S8775,ad_watch,2025-07-04 10:43:00,7,0.05
P076,S3042,start_game,2025-07-06 08:04:00,9,0.0
P076,S3042,end_game,2025-07-06 08:08:00,15,0.0
P076,S3042,end_game,2025-07-06 08:06:00,3,0.0
P029,S8400,level_up,2025-07-03 13:58:00,17,0.0
P029,S8400,ad_watch,2025-07-03 14:03:00,12,0.05
P029,S8400,start_game,2025-07-03 14:08:00,15,0.0
P029,S8400,ad_watch,2025-07-03 14:13:00,4,0.05
P029,S8400,end_game,2025-07-03 14:06:00,4,0.0
P029,S8400,purchase,2025-07-03 14:23:00,3,1.99
P029,S8400,start_game,2025-07-03 14:16:00,18,0.0
P029,S8400,start_game,2025-07-03 14:19:00,7,0.0
P075,S7336,end_game,2025-07-07 16:34:00,15,0.0
P075,S7336,end_game,2025-07-07 16:39:00,7,0.0
P075,S7336,purchase,2025-07-07 16:40:00,2,4.99
P075,S7336,end_game,2025-07-07 16:40:00,5,0.0
P075,S7336,purchase,2025-07-07 16:50:00,2,0.99
P075,S7336,level_up,2025-07-07 16:39:00,12,0.0
P049,S4871,start_game,2025-07-01 05:15:00,7,0.0
P049,S4871,ad_watch,2025-07-01 05:19:00,1,0.05
P049,S4871,level_up,2025-07-01 05:25:00,2,0.0
P049,S4871,ad_watch,2025-07-01 05:21:00,13,0.05
P049,S4871,ad_watch,2025-07-01 05:35:00,2,0.05
P049,S4871,purchase,2025-07-01 05:40:00,7,4.99
P049,S4871,start_game,2025-07-01 05:39:00,14,0.0
P049,S4871,start_game,2025-07-01 05:36:00,9,0.0
P092,S3808,purchase,2025-07-01 16:52:00,4,9.99
P092,S3808,end_game,2025-07-01 16:55:00,9,0.0
P092,S3808,ad_watch,2025-07-01 16:54:00,13,0.05
P092,S3808,start_game,2025-07-01 17:07:00,7,0.0
P034,S4198,start_game,2025-07-03 11:34:00,16,0.0
P034,S4198,end_game,2025-07-03 11:35:00,3,0.0
P034,S4198,end_game,2025-07-03 11:40:00,12,0.0
P034,S4198,end_game,2025-07-03 11:37:00,17,0.0
P034,S4198,end_game,2025-07-03 11:54:00,2,0.0
P034,S4198,end_game,2025-07-03 11:54:00,14,0.0
P064,S7142,end_game,2025-07-06 12:27:00,2,0.0
P064,S7142,ad_watch,2025-07-06 12:32:00,10,0.05
P064,S7142,end_game,2025-07-06 12:31:00,10,0.0
P064,S7142,end_game,2025-07-06 12:42:00,6,0.0
P064,S7142,start_game,2025-07-06 12:47:00,10,0.0
P064,S7142,level_up,2025-07-06 12:52:00,5,0.0
P064,S7142,end_game,2025-07-06 12:45:00,9,0.0
P020,S3794,end_game,2025-07-05 15:09:00,12,0.0
P020,S3794,start_game,2025-07-05 15:11:00,11,0.0
P020,S3794,start_game,2025-07-05 15:13:00,18,0.0
P020,S3794,end_game,2025-07-05 15:18:00,11,0.0
P020,S3794,purchase,2025-07-05 15:21:00,12,4.99
P064,S8041,ad_watch,2025-07-06 10:30:00,5,0.05
P064,S8041,purchase,2025-07-06 10:33:00,3,0.99
P064,S8041,end_game,2025-07-06 10:32:00,4,0.0
P064,S8041,end_game,2025-07-06 10:39:00,20,0.0
P064,S8041,ad_watch,2025-07-06 10:42:00,6,0.05
P064,S8041,purchase,2025-07-06 10:45:00,3,9.99
P064,S8041,purchase,2025-07-06 10:54:00,9,9.99
P064,S8041,level_up,2025-07-06 10:58:00,2,0.0
P064,S8041,level_up,2025-07-06 11:10:00,11,0.0
P064,S8041,level_up,2025-07-06 10:39:00,17,0.0
P029,S7935,purchase,2025-07-01 08:50:00,12,4.99
P029,S7935,start_game,2025-07-01 08:53:00,16,0.0
P029,S7935,ad_watch,2025-07-01 08:58:00,18,0.05
P097,S4944,end_game,2025-07-04 05:48:00,9,0.0
P097,S4944,end_game,2025-07-04 05:53:00,16,0.0
P097,S4944,end_game,2025-07-04 05:56:00,5,0.0
P097,S4944,ad_watch,2025-07-04 05:57:00,13,0.05
P097,S4944,ad_watch,2025-07-04 06:08:00,17,0.05
P097,S4944,end_game,2025-07-04 06:08:00,17,0.0
P097,S4944,purchase,2025-07-04 06:18:00,5,1.99
P097,S4944,end_game,2025-07-04 06:23:00,17,0.0
P097,S4944,start_game,2025-07-04 06:12:00,2,0.0
P097,S4944,purchase,2025-07-04 06:24:00,6,9.99
P015,S3146,ad_watch,2025-07-04 21:09:00,4,0.05
P015,S3146,level_up,2025-07-04 21:12:00,15,0.0
P015,S3146,purchase,2025-07-04 21:13:00,2,0.99
P015,S3146,purchase,2025-07-04 21:21:00,11,4.99
P015,S3146,end_game,2025-07-04 21:13:00,17,0.0
P015,S3146,purchase,2025-07-04 21:34:00,14,0.99
P015,S3146,end_game,2025-07-04 21:39:00,13,0.0
P015,S3146,level_up,2025-07-04 21:44:00,9,0.0
P015,S3146,ad_watch,2025-07-04 21:25:00,8,0.05
P039,S4681,purchase,2025-07-06 08:02:00,7,0.99
P039,S4681,purchase,2025-07-06 08:06:00,17,1.99
P039,S4681,end_game,2025-07-06 08:12:00,14,0.0
P039,S4681,purchase,2025-07-06 08:08:00,4,4.99
P039,S4681,purchase,2025-07-06 08:06:00,20,4.99
P039,S4681,purchase,2025-07-06 08:27:00,8,0.99
P075,S3730,level_up,2025-07-02 01:38:00,5,0.0
P075,S3730,level_up,2025-07-02 01:43:00,4,0.0
P075,S3730,start_game,2025-07-02 01:42:00,16,0.0
P075,S3730,ad_watch,2025-07-02 01:53:00,1,0.05
P075,S3730,start_game,2025-07-02 01:50:00,18,0.0
P075,S3730,ad_watch,2025-07-02 01:43:00,13,0.05
P075,S3730,end_game,2025-07-02 01:44:00,8,0.0
P075,S3730,end_game,2025-07-02 01:45:00,10,0.0
P075,S3730,end_game,2025-07-02 01:54:00,2,0.0
P075,S3730,end_game,2025-07-02 02:23:00,18,0.0
P082,S1043,end_game,2025-07-04 03:05:00,12,0.0
P082,S1043,purchase,2025-07-04 03:06:00,20,0.99
P082,S1043,level_up,2025-07-04 03:13:00,18,0.0
P082,S1043,start_game,2025-07-04 03:08:00,12,0.0
P082,S1043,start_game,2025-07-04 03:13:00,14,0.0
P082,S1043,level_up,2025-07-04 03:15:00,2,0.0
P072,S2062,ad_watch,2025-07-06 02:23:00,20,0.05
P072,S2062,end_game,2025-07-06 02:25:00,6,0.0
P072,S2062,level_up,2025-07-06 02:31:00,17,0.0
P072,S2062,ad_watch,2025-07-06 02:35:00,13,0.05
P072,S2062,ad_watch,2025-07-06 02:35:00,7,0.05
P087,S4421,end_game,2025-07-07 10:19:00,4,0.0
P087,S4421,end_game,2025-07-07 10:22:00,7,0.0
P087,S4421,ad_watch,2025-07-07 10:27:00,4,0.05
P087,S4421,level_up,2025-07-07 10:28:00,1,0.0
P087,S4421,ad_watch,2025-07-07 10:23:00,15,0.05
P018,S7379,start_game,2025-07-06 01:09:00,20,0.0
P018,S7379,ad_watch,2025-07-06 01:11:00,7,0.05
P018,S7379,level_up,2025-07-06 01:15:00,12,0.0
P018,S7379,ad_watch,2025-07-06 01:21:00,9,0.05
P046,S1022,level_up,2025-07-05 05:15:00,17,0.0
P046,S1022,end_game,2025-07-05 05:20:00,16,0.0
P046,S1022,end_game,2025-07-05 05:17:00,15,0.0
P046,S1022,level_up,2025-07-05 05:21:00,6,0.0
P046,S1022,start_game,2025-07-05 05:27:00,12,0.0
P046,S1022,start_game,2025-07-05 05:35:00,1,0.0
P046,S1022,ad_watch,2025-07-05 05:33:00,1,0.05
P046,S1022,purchase,2025-07-05 05:36:00,17,1.99
P046,S1022,ad_watch,2025-07-05 05:55:00,10,0.05
P046,S1022,ad_watch,2025-07-05 05:51:00,2,0.05
P080,S4405,purchase,2025-07-06 09:20:00,18,4.99
P080,S4405,end_game,2025-07-06 09:23:00,5,0.0
P080,S4405,ad_watch,2025-07-06 09:30:00,14,0.05
P080,S4405,end_game,2025-07-06 09:23:00,17,0.0
P080,S4405,end_game,2025-07-06 09:32:00,3,0.0
P080,S4405,level_up,2025-07-06 09:30:00,3,0.0
P080,S4405,purchase,2025-07-06 09:32:00,18,9.99
P080,S4405,level_up,2025-07-06 09:27:00,19,0.0
P080,S4405,ad_watch,2025-07-06 10:00:00,10,0.05
P080,S4405,level_up,2025-07-06 09:56:00,11,0.0
P014,S7312,level_up,2025-07-07 21:04:00,1,0.0
P014,S7312,ad_watch,2025-07-07 21:06:00,10,0.05
P014,S7312,purchase,2025-07-07 21:06:00,5,4.99
P014,S7312,start_game,2025-07-07 21:16:00,4,0.0
P014,S7312,level_up,2025-07-07 21:12:00,6,0.0
P014,S7312,ad_watch,2025-07-07 21:09:00,4,0.05
P014,S7312,level_up,2025-07-07 21:22:00,2,0.0
P014,S7312,level_up,2025-07-07 21:32:00,3,0.0
P014,S7312,start_game,2025-07-07 21:12:00,12,0.0
P013,S1614,level_up,2025-07-07 19:41:00,9,0.0
P013,S1614,level_up,2025-07-07 19:44:00,6,0.0
P013,S1614,purchase,2025-07-07 19:45:00,20,4.99
P013,S1614,end_game,2025-07-07 19:53:00,6,0.0
P013,S1614,ad_watch,2025-07-07 19:45:00,16,0.05
P013,S1614,end_game,2025-07-07 20:01:00,14,0.0
P013,S1614,ad_watch,2025-07-07 19:47:00,16,0.05
P013,S1614,purchase,2025-07-07 20:09:00,11,1.99
P087,S5395,start_game,2025-07-04 12:43:00,20,0.0
P087,S5395,purchase,2025-07-04 12:44:00,15,0.99
P087,S5395,start_game,2025-07-04 12:51:00,5,0.0
P087,S5395,purchase,2025-07-04 12:55:00,12,1.99
P087,S5395,end_game,2025-07-04 12:55:00,9,0.0
P087,S5395,purchase,2025-07-04 13:03:00,7,0.99
P087,S5395,end_game,2025-07-04 12:49:00,8,0.0
P087,S5395,start_game,2025-07-04 13:18:00,13,0.0
P053,S5224,level_up,2025-07-07 16:35:00,5,0.0
P053,S5224,ad_watch,2025-07-07 16:36:00,19,0.05
P053,S5224,end_game,2025-07-07 16:41:00,11,0.0
P053,S5224,ad_watch,2025-07-07 16:47:00,18,0.05
P053,S5224,end_game,2025-07-07 16:47:00,8,0.0
P048,S3904,end_game,2025-07-01 15:14:00,5,0.0
P048,S3904,end_game,2025-07-01 15:16:00,4,0.0
P048,S3904,start_game,2025-07-01 15:24:00,10,0.0
P048,S3904,purchase,2025-07-01 15:23:00,13,4.99
P048,S3904,ad_watch,2025-07-01 15:22:00,6,0.05
P048,S3904,level_up,2025-07-01 15:19:00,7,0.0
P048,S3904,level_up,2025-07-01 15:32:00,19,0.0
P048,S3904,purchase,2025-07-01 15:35:00,8,0.99
P048,S3904,end_game,2025-07-01 15:54:00,14,0.0
P048,S3904,ad_watch,2025-07-01 15:32:00,12,0.05
P073,S9911,start_game,2025-07-03 04:12:00,10,0.0
P073,S9911,ad_watch,2025-07-03 04:16:00,14,0.05
P073,S9911,level_up,2025-07-03 04:22:00,11,0.0
P073,S9911,purchase,2025-07-03 04:27:00,15,0.99
P073,S9911,purchase,2025-07-03 04:24:00,19,4.99
P073,S9911,purchase,2025-07-03 04:37:00,16,9.99
P073,S9911,ad_watch,2025-07-03 04:18:00,4,0.05
P073,S9911,ad_watch,2025-07-03 04:19:00,15,0.05
P006,S6094,end_game,2025-07-02 11:00:00,10,0.0
P006,S6094,level_up,2025-07-02 11:02:00,20,0.0
P006,S6094,start_game,2025-07-02 11:08:00,14,0.0
P006,S6094,purchase,2025-07-02 11:12:00,8,9.99
P006,S6094,level_up,2025-07-02 11:04:00,12,0.0
P006,S6094,purchase,2025-07-02 11:10:00,5,0.99
P006,S6094,start_game,2025-07-02 11:12:00,14,0.0
P006,S6094,level_up,2025-07-02 11:35:00,18,0.0
P056,S7226,end_game,2025-07-06 20:01:00,17,0.0
P056,S7226,ad_watch,2025-07-06 20:04:00,6,0.05
P056,S7226,level_up,2025-07-06 20:09:00,19,0.0
P056,S7226,start_game,2025-07-06 20:13:00,8,0.0
P056,S7226,purchase,2025-07-06 20:09:00,9,1.99
P056,S7226,end_game,2025-07-06 20:06:00,20,0.0
P068,S1334,purchase,2025-07-05 13:51:00,15,1.99
P068,S1334,ad_watch,2025-07-05 13:52:00,12,0.05
P068,S1334,end_game,2025-07-05 14:01:00,15,0.0
P068,S1334,ad_watch,2025-07-05 13:54:00,6,0.05
P068,S1334,level_up,2025-07-05 13:55:00,10,0.0
P068,S1334,end_game,2025-07-05 14:06:00,10,0.0
P068,S1334,level_up,2025-07-05 13:57:00,15,0.0
P052,S1520,level_up,2025-07-04 05:35:00,10,0.0
P052,S1520,purchase,2025-07-04 05:38:00,18,0.99
P052,S1520,start_game,2025-07-04 05:39:00,16,0.0
P052,S1520,purchase,2025-07-04 05:44:00,18,0.99
P041,S6730,end_game,2025-07-05 04:44:00,15,0.0
P041,S6730,end_game,2025-07-05 04:49:00,8,0.0
P041,S6730,level_up,2025-07-05 04:52:00,2,0.0
P041,S6730,purchase,2025-07-05 04:47:00,17,4.99
P041,S6730,level_up,2025-07-05 05:04:00,7,0.0
P041,S6730,ad_watch,2025-07-05 05:04:00,16,0.05
P054,S8263,start_game,2025-07-05 23:22:00,8,0.0
P054,S8263,purchase,2025-07-05 23:23:00,13,4.99
P054,S8263,purchase,2025-07-05 23:30:00,12,0.99
P054,S8263,ad_watch,2025-07-05 23:34:00,1,0.05
P054,S8263,start_game,2025-07-05 23:38:00,16,0.0
P054,S8263,end_game,2025-07-05 23:37:00,19,0.0
P033,S1073,purchase,2025-07-05 12:18:00,7,9.99
P033,S1073,start_game,2025-07-05 12:22:00,11,0.0
P033,S1073,start_game,2025-07-05 12:22:00,2,0.0
P033,S1073,end_game,2025-07-05 12:27:00,8,0.0
P033,S1073,end_game,2025-07-05 12:26:00,20,0.0
P033,S1073,purchase,2025-07-05 12:33:00,20,0.99
P033,S1073,end_game,2025-07-05 12:48:00,19,0.0
P033,S1073,level_up,2025-07-05 12:46:00,1,0.0
P089,S3818,end_game,2025-07-02 01:46:00,11,0.0
P089,S3818,ad_watch,2025-07-02 01:48:00,14,0.05
P089,S3818,level_up,2025-07-02 01:50:00,20,0.0
P089,S3818,ad_watch,2025-07-02 01:52:00,17,0.05
P089,S3818,level_up,2025-07-02 02:06:00,20,0.0
P089,S3818,ad_watch,2025-07-02 02:06:00,6,0.05
P089,S3818,purchase,2025-07-02 02:16:00,8,4.99
P089,S3818,end_game,2025-07-02 02:14:00,13,0.0
P079,S6669,level_up,2025-07-07 03:13:00,1,0.0
P079,S6669,start_game,2025-07-07 03:16:00,2,0.0
P079,S6669,purchase,2025-07-07 03:17:00,12,9.99
P079,S6669,purchase,2025-07-07 03:22:00,13,9.99
P079,S6669,purchase,2025-07-07 03:17:00,12,9.99
P079,S6669,purchase,2025-07-07 03:23:00,20,1.99
P079,S6669,purchase,2025-07-07 03:43:00,19,1.99
P079,S6669,purchase,2025-07-07 03:48:00,17,0.99
P079,S6669,start_game,2025-07-07 03:53:00,14,0.0
P035,S5773,start_game,2025-07-07 13:35:00,12,0.0
P035,S5773,ad_watch,2025-07-07 13:38:00,4,0.05
P035,S5773,level_up,2025-07-07 13:41:00,8,0.0
P079,S7208,end_game,2025-07-01 02:21:00,17,0.0
P079,S7208,purchase,2025-07-01 02:22:00,8,9.99
P079,S7208,purchase,2025-07-01 02:25:00,8,0.99
P079,S7208,ad_watch,2025-07-01 02:30:00,15,0.05
P091,S1073,ad_watch,2025-07-07 09:32:00,5,0.05
P091,S1073,ad_watch,2025-07-07 09:35:00,12,0.05
P091,S1073,purchase,2025-07-07 09:38:00,20,0.99
P091,S1073,end_game,2025-07-07 09:35:00,6,0.0
P091,S1073,purchase,2025-07-07 09:52:00,18,9.99
P091,S1073,start_game,2025-07-07 09:47:00,9,0.0
P091,S1073,start_game,2025-07-07 09:50:00,20,0.0
P091,S1073,level_up,2025-07-07 09:46:00,20,0.0
P060,S4968,end_game,2025-07-05 18:29:00,8,0.0
P060,S4968,level_up,2025-07-05 18:32:00,11,0.0
P060,S4968,purchase,2025-07-05 18:33:00,10,4.99
P060,S4968,end_game,2025-07-05 18:41:00,20,0.0
P060,S4968,end_game,2025-07-05 18:37:00,20,0.0
P060,S4968,end_game,2025-07-05 18:49:00,20,0.0
P060,S4968,start_game,2025-07-05 18:41:00,8,0.0
P060,S4968,end_game,2025-07-05 18:36:00,20,0.0
P060,S4968,level_up,2025-07-05 19:09:00,1,0.0
P019,S6419,level_up,2025-07-03 07:07:00,7,0.0
P019,S6419,start_game,2025-07-03 07:09:00,12,0.0
P019,S6419,purchase,2025-07-03 07:09:00,20,9.99
P019,S6419,start_game,2025-07-03 07:16:00,1,0.0
P029,S2378,ad_watch,2025-07-01 02:55:00,2,0.05
P029,S2378,purchase,2025-07-01 02:59:00,3,4.99
P029,S2378,start_game,2025-07-01 02:57:00,6,0.0
P029,S2378,level_up,2025-07-01 03:10:00,11,0.0
P029,S2378,start_game,2025-07-01 02:59:00,20,0.0
P029,S2378,purchase,2025-07-01 03:00:00,6,4.99
P066,S4085,start_game,2025-07-02 09:26:00,8,0.0
P066,S4085,start_game,2025-07-02 09:30:00,10,0.0
P066,S4085,end_game,2025-07-02 09:36:00,4,0.0
P066,S4085,ad_watch,2025-07-02 09:41:00,15,0.05
P066,S4085,ad_watch,2025-07-02 09:34:00,14,0.05
P066,S4085,end_game,2025-07-02 09:51:00,7,0.0
P066,S4085,level_up,2025-07-02 09:38:00,10,0.0
P066,S4085,purchase,2025-07-02 09:40:00,10,1.99
P066,S4085,level_up,2025-07-02 09:34:00,11,0.0
P095,S4451,start_game,2025-07-04 19:29:00,11,0.0
P095,S4451,ad_watch,2025-07-04 19:33:00,13,0.05
P095,S4451,purchase,2025-07-04 19:37:00,9,0.99
P095,S4451,end_game,2025-07-04 19:38:00,6,0.0
P095,S4451,purchase,2025-07-04 19:49:00,12,0.99
P095,S4451,level_up,2025-07-04 19:39:00,18,0.0
P061,S2166,ad_watch,2025-07-02 16:39:00,10,0.05
P061,S2166,start_game,2025-07-02 16:41:00,16,0.0
P061,S2166,start_game,2025-07-02 16:49:00,12,0.0
P061,S1364,level_up,2025-07-02 06:36:00,6,0.0
P061,S1364,purchase,2025-07-02 06:39:00,14,1.99
P061,S1364,ad_watch,2025-07-02 06:40:00,2,0.05
P061,S1364,ad_watch,2025-07-02 06:51:00,6,0.05
P061,S1364,ad_watch,2025-07-02 06:52:00,16,0.05
P061,S1364,end_game,2025-07-02 07:01:00,2,0.0
P087,S6897,level_up,2025-07-07 06:52:00,18,0.0
P087,S6897,level_up,2025-07-07 06:54:00,13,0.0
P087,S6897,purchase,2025-07-07 06:54:00,10,0.99
P087,S6897,purchase,2025-07-07 07:07:00,6,1.99
P087,S6897,level_up,2025-07-07 06:56:00,10,0.0
P087,S6897,start_game,2025-07-07 07:07:00,15,0.0
P087,S6897,start_game,2025-07-07 07:16:00,3,0.0
P087,S6897,start_game,2025-07-07 07:13:00,8,0.0
P087,S6897,ad_watch,2025-07-07 07:32:00,19,0.05
P100,S8737,level_up,2025-07-05 12:25:00,8,0.0
P100,S8737,end_game,2025-07-05 12:26:00,4,0.0
P100,S8737,start_game,2025-07-05 12:35:00,12,0.0
P100,S8737,end_game,2025-07-05 12:40:00,17,0.0
P009,S2100,end_game,2025-07-02 06:50:00,9,0.0
P009,S2100,purchase,2025-07-02 06:51:00,20,0.99
P009,S2100,purchase,2025-07-02 06:54:00,10,1.99
P009,S2100,end_game,2025-07-02 07:05:00,6,0.0
P009,S2100,start_game,2025-07-02 07:06:00,4,0.0
P009,S2100,purchase,2025-07-02 07:00:00,15,1.99
P009,S2100,level_up,2025-07-02 06:56:00,1,0.0
P009,S2100,purchase,2025-07-02 07:25:00,20,9.99
P009,S2100,end_game,2025-07-02 06:58:00,19,0.0
P045,S5063,end_game,2025-07-01 19:22:00,20,0.0
P045,S5063,ad_watch,2025-07-01 19:23:00,3,0.05
P045,S5063,level_up,2025-07-01 19:26:00,16,0.0
P045,S5063,purchase,2025-07-01 19:37:00,17,4.99
P049,S1230,level_up,2025-07-01 14:02:00,12,0.0
P049,S1230,level_up,2025-07-01 14:05:00,13,0.0
P049,S1230,end_game,2025-07-01 14:10:00,18,0.0
P049,S1230,end_game,2025-07-01 14:17:00,9,0.0
P049,S1230,end_game,2025-07-01 14:10:00,12,0.0
P049,S1230,level_up,2025-07-01 14:22:00,18,0.0
P049,S1230,purchase,2025-07-01 14:20:00,18,0.99
P049,S1230,end_game,2025-07-01 14:37:00,4,0.0
P049,S1230,end_game,2025-07-01 14:34:00,18,0.0
P049,S1230,end_game,2025-07-01 14:11:00,9,0.0
P010,S7279,end_game,2025-07-04 04:00:00,9,0.0
P010,S7279,ad_watch,2025-07-04 04:05:00,15,0.05
P010,S7279,start_game,2025-07-04 04:02:00,15,0.0
P010,S7279,start_game,2025-07-04 04:06:00,13,0.0
P010,S7279,purchase,2025-07-04 04:08:00,7,4.99
P028,S5525,level_up,2025-07-06 15:27:00,20,0.0
P028,S5525,end_game,2025-07-06 15:30:00,13,0.0
P028,S5525,ad_watch,2025-07-06 15:33:00,18,0.05
P028,S5525,ad_watch,2025-07-06 15:30:00,17,0.05
P075,S1317,start_game,2025-07-06 13:41:00,4,0.0
P075,S1317,level_up,2025-07-06 13:46:00,20,0.0
P075,S1317,level_up,2025-07-06 13:51:00,5,0.0
P075,S1317,end_game,2025-07-06 13:44:00,1,0.0
P075,S1317,end_game,2025-07-06 13:45:00,1,0.0
P075,S1317,end_game,2025-07-06 14:01:00,16,0.0
P075,S1317,end_game,2025-07-06 13:59:00,9,0.0
P075,S1317,start_game,2025-07-06 14:09:00,16,0.0
P078,S5342,purchase,2025-07-06 09:02:00,8,1.99
P078,S5342,level_up,2025-07-06 09:07:00,1,0.0
P078,S5342,ad_watch,2025-07-06 09:12:00,5,0.05
P001,S5524,start_game,2025-07-01 15:51:00,14,0.0
P001,S5524,ad_watch,2025-07-01 15:54:00,10,0.05
P001,S5524,end_game,2025-07-01 16:01:00,11,0.0
P001,S5524,end_game,2025-07-01 15:54:00,17,0.0
P001,S5524,ad_watch,2025-07-01 16:11:00,20,0.05
P001,S5524,start_game,2025-07-01 16:06:00,17,0.0
P001,S5524,purchase,2025-07-01 16:21:00,1,4.99
P001,S5524,level_up,2025-07-01 16:12:00,5,0.0
P047,S8124,start_game,2025-07-05 23:10:00,8,0.0
P047,S8124,end_game,2025-07-05 23:12:00,17,0.0
P047,S8124,ad_watch,2025-07-05 23:20:00,10,0.05
P047,S8124,end_game,2025-07-05 23:25:00,4,0.0
P047,S8124,level_up,2025-07-05 23:26:00,9,0.0
P047,S8124,ad_watch,2025-07-05 23:35:00,15,0.05
P047,S8124,end_game,2025-07-05 23:16:00,10,0.0
P047,S8124,purchase,2025-07-05 23:17:00,19,0.99
P047,S8124,end_game,2025-07-05 23:18:00,9,0.0
P075,S5115,level_up,2025-07-02 10:40:00,5,0.0
P075,S5115,end_game,2025-07-02 10:43:00,11,0.0
P075,S5115,end_game,2025-07-02 10:48:00,16,0.0
P075,S5115,purchase,2025-07-02 10:49:00,13,9.99
P030,S2242,level_up,2025-07-03 07:48:00,20,0.0
P030,S2242,level_up,2025-07-03 07:52:00,12,0.0
P030,S2242,start_game,2025-07-03 07:52:00,4,0.0
P030,S2242,purchase,2025-07-03 07:54:00,6,9.99
P030,S2242,ad_watch,2025-07-03 08:08:00,17,0.05
P030,S2242,level_up,2025-07-03 07:53:00,17,0.0
P072,S4792,end_game,2025-07-03 14:46:00,11,0.0
P072,S4792,ad_watch,2025-07-03 14:47:00,5,0.05
P072,S4792,purchase,2025-07-03 14:56:00,8,4.99
P072,S4792,purchase,2025-07-03 14:55:00,7,0.99
P072,S4792,end_game,2025-07-03 14:54:00,11,0.0
P012,S4732,ad_watch,2025-07-07 04:15:00,5,0.05
P012,S4732,ad_watch,2025-07-07 04:20:00,17,0.05
P012,S4732,purchase,2025-07-07 04:21:00,8,9.99
P012,S4732,start_game,2025-07-07 04:27:00,14,0.0
P012,S4732,start_game,2025-07-07 04:35:00,20,0.0
P012,S4732,end_game,2025-07-07 04:20:00,10,0.0
P012,S4732,level_up,2025-07-07 04:21:00,16,0.0
P012,S4732,level_up,2025-07-07 04:50:00,13,0.0
P081,S4167,purchase,2025-07-06 10:23:00,9,1.99
P081,S4167,level_up,2025-07-06 10:28:00,2,0.0
P081,S4167,ad_watch,2025-07-06 10:33:00,10,0.05
P081,S4167,purchase,2025-07-06 10:29:00,10,9.99
P081,S4167,level_up,2025-07-06 10:39:00,15,0.0
P021,S7583,end_game,2025-07-02 01:52:00,11,0.0
P021,S7583,ad_watch,2025-07-02 01:53:00,12,0.05
P021,S7583,level_up,2025-07-02 02:02:00,16,0.0
P021,S7583,level_up,2025-07-02 02:01:00,20,0.0
P021,S7583,end_game,2025-07-02 01:56:00,17,0.0
P055,S6149,level_up,2025-07-06 19:53:00,15,0.0
P055,S6149,end_game,2025-07-06 19:58:00,2,0.0
P055,S6149,ad_watch,2025-07-06 19:59:00,2,0.05
P055,S6149,purchase,2025-07-06 19:56:00,7,4.99
P055,S6149,start_game,2025-07-06 20:13:00,19,0.0
P096,S5786,purchase,2025-07-01 23:54:00,7,0.99
P096,S5786,purchase,2025-07-01 23:58:00,6,9.99
P096,S5786,ad_watch,2025-07-02 00:02:00,5,0.05
P096,S5786,purchase,2025-07-01 23:57:00,3,4.99
P093,S9798,purchase,2025-07-04 22:36:00,4,0.99
P093,S9798,end_game,2025-07-04 22:41:00,5,0.0
P093,S9798,end_game,2025-07-04 22:42:00,4,0.0
P093,S9798,ad_watch,2025-07-04 22:45:00,2,0.05
P093,S9798,ad_watch,2025-07-04 22:40:00,17,0.05
P093,S9798,purchase,2025-07-04 22:46:00,15,0.99
P087,S1070,end_game,2025-07-02 23:41:00,4,0.0
P087,S1070,level_up,2025-07-02 23:44:00,8,0.0
P087,S1070,level_up,2025-07-02 23:47:00,18,0.0
P087,S1070,level_up,2025-07-02 23:53:00,7,0.0
P087,S1070,purchase,2025-07-03 00:01:00,20,0.99
P087,S1070,end_game,2025-07-03 00:06:00,5,0.0
P087,S1070,purchase,2025-07-02 23:53:00,8,4.99
P087,S1070,ad_watch,2025-07-03 00:16:00,18,0.05
P087,S1070,level_up,2025-07-03 00:13:00,13,0.0
P087,S1070,purchase,2025-07-03 00:08:00,7,9.99
P030,S4301,purchase,2025-07-02 21:25:00,11,0.99
P030,S4301,level_up,2025-07-02 21:26:00,3,0.0
P030,S4301,end_game,2025-07-02 21:27:00,7,0.0
P030,S4301,ad_watch,2025-07-02 21:31:00,2,0.05
P030,S4301,level_up,2025-07-02 21:41:00,9,0.0
P030,S4301,purchase,2025-07-02 21:50:00,17,0.99
P051,S3772,end_game,2025-07-04 22:01:00,20,0.0
P051,S3772,start_game,2025-07-04 22:04:00,2,0.0
P051,S3772,start_game,2025-07-04 22:03:00,13,0.0
P051,S3772,start_game,2025-07-04 22:13:00,9,0.0
P051,S3772,level_up,2025-07-04 22:13:00,14,0.0
P003,S6121,start_game,2025-07-02 05:38:00,18,0.0
P003,S6121,purchase,2025-07-02 05:42:00,8,0.99
P003,S6121,end_game,2025-07-02 05:42:00,12,0.0
P003,S6121,ad_watch,2025-07-02 05:41:00,14,0.05
P003,S6121,start_game,2025-07-02 05:54:00,10,0.0
P003,S6121,end_game,2025-07-02 05:43:00,9,0.0
P003,S6121,purchase,2025-07-02 05:44:00,6,9.99
P003,S6121,ad_watch,2025-07-02 05:45:00,5,0.05
P039,S2105,end_game,2025-07-02 05:30:00,16,0.0
P039,S2105,start_game,2025-07-02 05:34:00,10,0.0
P039,S2105,purchase,2025-07-02 05:34:00,7,0.99
P039,S2105,level_up,2025-07-02 05:33:00,2,0.0
P039,S2105,level_up,2025-07-02 05:38:00,14,0.0
P039,S2105,level_up,2025-07-02 05:45:00,17,0.0
P039,S2105,end_game,2025-07-02 05:54:00,9,0.0
P030,S7767,ad_watch,2025-07-07 00:57:00,5,0.05
P030,S7767,ad_watch,2025-07-07 00:59:00,6,0.05
P030,S7767,start_game,2025-07-07 00:59:00,15,0.0
P100,S2367,ad_watch,2025-07-05 10:35:00,5,0.05
P100,S2367,end_game,2025-07-05 10:36:00,17,0.0
P100,S2367,end_game,2025-07-05 10:45:00,19,0.0
P100,S2367,end_game,2025-07-05 10:44:00,5,0.0
P100,S2367,level_up,2025-07-05 10:39:00,14,0.0
P100,S2367,start_game,2025-07-05 11:00:00,5,0.0
P100,S2367,start_game,2025-07-05 10:53:00,7,0.0
P100,S2367,purchase,2025-07-05 10:56:00,13,1.99
P100,S2367,start_game,2025-07-05 11:07:00,12,0.0
P073,S1519,purchase,2025-07-03 01:58:00,11,1.99
P073,S1519,start_game,2025-07-03 02:00:00,16,0.0
P073,S1519,level_up,2025-07-03 02:04:00,6,0.0
P073,S1519,end_game,2025-07-03 02:13:00,17,0.0
P073,S1519,ad_watch,2025-07-03 02:10:00,10,0.05
P084,S3260,end_game,2025-07-02 04:54:00,18,0.0
P084,S3260,end_game,2025-07-02 04:59:00,8,0.0
P084,S3260,start_game,2025-07-02 05:00:00,10,0.0
P084,S3260,end_game,2025-07-02 05:06:00,17,0.0
P062,S8987,start_game,2025-07-07 19:28:00,7,0.0
P062,S8987,end_game,2025-07-07 19:31:00,8,0.0
P062,S8987,ad_watch,2025-07-07 19:38:00,12,0.05
P062,S8987,purchase,2025-07-07 19:37:00,10,9.99
P062,S8987,end_game,2025-07-07 19:40:00,12,0.0
P062,S8987,purchase,2025-07-07 19:33:00,7,0.99
P062,S8987,ad_watch,2025-07-07 19:46:00,1,0.05
P014,S8460,start_game,2025-07-04 13:04:00,11,0.0
P014,S8460,level_up,2025-07-04 13:07:00,13,0.0
P014,S8460,end_game,2025-07-04 13:10:00,8,0.0
P014,S8460,purchase,2025-07-04 13:16:00,6,4.99
P014,S8460,ad_watch,2025-07-04 13:12:00,3,0.05
P014,S8460,ad_watch,2025-07-04 13:29:00,11,0.05
P082,S9030,level_up,2025-07-07 06:00:00,2,0.0
P082,S9030,ad_watch,2025-07-07 06:04:00,3,0.05
P082,S9030,level_up,2025-07-07 06:06:00,13,0.0
P082,S9030,purchase,2025-07-07 06:06:00,1,1.99
P003,S1976,purchase,2025-07-03 01:06:00,2,4.99
P003,S1976,purchase,2025-07-03 01:08:00,14,9.99
P003,S1976,end_game,2025-07-03 01:08:00,5,0.0
P003,S1976,ad_watch,2025-07-03 01:21:00,13,0.05
P003,S1976,ad_watch,2025-07-03 01:26:00,6,0.05
P003,S1976,purchase,2025-07-03 01:11:00,4,4.99
P049,S7451,start_game,2025-07-03 02:32:00,12,0.0
P049,S7451,level_up,2025-07-03 02:37:00,10,0.0
P049,S7451,purchase,2025-07-03 02:38:00,9,0.99
P049,S7451,ad_watch,2025-07-03 02:38:00,18,0.05
P049,S7451,end_game,2025-07-03 02:52:00,13,0.0
P049,S7451,end_game,2025-07-03 02:57:00,19,0.0
P088,S4642,purchase,2025-07-01 20:20:00,19,0.99
P088,S4642,purchase,2025-07-01 20:23:00,10,9.99
P088,S4642,ad_watch,2025-07-01 20:24:00,11,0.05
P088,S4642,end_game,2025-07-01 20:32:00,10,0.0
P088,S4642,end_game,2025-07-01 20:40:00,10,0.0
P088,S4642,level_up,2025-07-01 20:25:00,1,0.0
P008,S5691,start_game,2025-07-02 21:04:00,10,0.0
P008,S5691,level_up,2025-07-02 21:05:00,1,0.0
P008,S5691,start_game,2025-07-02 21:08:00,20,0.0
P008,S5691,ad_watch,2025-07-02 21:13:00,16,0.05
P008,S5691,level_up,2025-07-02 21:24:00,5,0.0
P008,S5691,end_game,2025-07-02 21:24:00,2,0.0
P060,S9630,level_up,2025-07-07 05:13:00,15,0.0
P060,S9630,level_up,2025-07-07 05:16:00,14,0.0
P060,S9630,end_game,2025-07-07 05:21:00,11,0.0
P060,S9630,end_game,2025-07-07 05:25:00,12,0.0
P060,S9630,end_game,2025-07-07 05:25:00,3,0.0
P060,S9630,purchase,2025-07-07 05:38:00,10,4.99
P060,S9630,purchase,2025-07-07 05:25:00,5,4.99
P060,S9630,level_up,2025-07-07 05:34:00,5,0.0
P060,S9630,purchase,2025-07-07 05:37:00,4,1.99
P060,S9630,end_game,2025-07-07 05:31:00,15,0.0
P051,S4754,ad_watch,2025-07-05 16:14:00,1,0.05
P051,S4754,ad_watch,2025-07-05 16:19:00,19,0.05
P051,S4754,start_game,2025-07-05 16:20:00,9,0.0
P051,S4754,start_game,2025-07-05 16:17:00,7,0.0
P051,S4754,start_game,2025-07-05 16:34:00,15,0.0
P051,S4754,start_game,2025-07-05 16:39:00,20,0.0
P051,S4754,purchase,2025-07-05 16:26:00,6,4.99
P044,S1917,start_game,2025-07-05 03:55:00,12,0.0
P044,S1917,level_up,2025-07-05 04:00:00,12,0.0
P044,S1917,level_up,2025-07-05 03:59:00,7,0.0
P044,S1917,purchase,2025-07-05 04:01:00,2,4.99
P044,S1917,level_up,2025-07-05 04:03:00,10,0.0
P044,S1917,level_up,2025-07-05 04:00:00,9,0.0
P044,S1917,ad_watch,2025-07-05 04:19:00,19,0.05
P016,S6537,ad_watch,2025-07-04 16:02:00,10,0.05
P016,S6537,end_game,2025-07-04 16:05:00,14,0.0
P016,S6537,end_game,2025-07-04 16:04:00,16,0.0
P016,S6537,level_up,2025-07-04 16:14:00,1,0.0
P016,S6537,purchase,2025-07-04 16:14:00,4,1.99
P016,S6537,start_game,2025-07-04 16:22:00,10,0.0
P019,S4961,purchase,2025-07-06 17:14:00,6,0.99
P019,S4961,end_game,2025-07-06 17:16:00,8,0.0
P019,S4961,purchase,2025-07-06 17:22:00,7,4.99
P019,S4961,purchase,2025-07-06 17:26:00,8,1.99
P019,S4961,ad_watch,2025-07-06 17:22:00,18,0.05
P019,S4961,end_game,2025-07-06 17:39:00,3,0.0
P091,S9534,start_game,2025-07-07 10:04:00,11,0.0
P091,S9534,ad_watch,2025-07-07 10:06:00,14,0.05
P091,S9534,ad_watch,2025-07-07 10:10:00,15,0.05
P091,S9534,ad_watch,2025-07-07 10:16:00,2,0.05
P091,S9534,purchase,2025-07-07 10:24:00,10,9.99
P038,S9354,purchase,2025-07-07 06:52:00,19,9.99
P038,S9354,end_game,2025-07-07 06:55:00,5,0.0
P038,S9354,level_up,2025-07-07 07:00:00,11,0.0
P038,S9354,start_game,2025-07-07 07:01:00,20,0.0
P038,S9354,start_game,2025-07-07 07:04:00,11,0.0
P038,S9354,end_game,2025-07-07 07:12:00,18,0.0
P068,S7912,purchase,2025-07-02 06:57:00,3,4.99
P068,S7912,start_game,2025-07-02 07:01:00,7,0.0
P068,S7912,purchase,2025-07-02 07:05:00,16,4.99
P068,S7912,end_game,2025-07-02 07:03:00,13,0.0
P068,S7912,end_game,2025-07-02 07:05:00,11,0.0
P068,S7912,end_game,2025-07-02 07:17:00,11,0.0
P068,S7912,level_up,2025-07-02 07:27:00,14,0.0
P068,S7912,ad_watch,2025-07-02 07:04:00,2,0.05
P068,S7912,start_game,2025-07-02 07:21:00,6,0.0
P068,S7912,level_up,2025-07-02 07:33:00,6,0.0
P092,S5018,start_game,2025-07-05 11:06:00,15,0.0
P092,S5018,level_up,2025-07-05 11:09:00,14,0.0
P092,S5018,start_game,2025-07-05 11:14:00,3,0.0
P092,S5018,level_up,2025-07-05 11:09:00,13,0.0
P092,S5018,level_up,2025-07-05 11:22:00,17,0.0
P092,S5018,purchase,2025-07-05 11:16:00,5,4.99
P092,S5018,start_game,2025-07-05 11:18:00,14,0.0
P092,S5018,level_up,2025-07-05 11:27:00,13,0.0
P016,S9203,start_game,2025-07-05 06:50:00,9,0.0
P016,S9203,ad_watch,2025-07-05 06:51:00,9,0.05
P016,S9203,ad_watch,2025-07-05 06:54:00,16,0.05
P021,S3442,level_up,2025-07-06 16:53:00,3,0.0
P021,S3442,ad_watch,2025-07-06 16:56:00,3,0.05
P021,S3442,ad_watch,2025-07-06 17:01:00,14,0.05
P021,S3442,start_game,2025-07-06 16:56:00,8,0.0
P021,S3442,start_game,2025-07-06 17:01:00,17,0.0
P021,S3442,ad_watch,2025-07-06 17:13:00,8,0.05
P021,S3442,level_up,2025-07-06 17:17:00,16,0.0
P021,S3442,end_game,2025-07-06 17:14:00,20,0.0
P021,S3442,ad_watch,2025-07-06 17:33:00,15,0.05
P021,S3442,end_game,2025-07-06 17:11:00,16,0.0
P024,S5628,purchase,2025-07-07 07:09:00,12,0.99
P024,S5628,ad_watch,2025-07-07 07:13:00,18,0.05
P024,S5628,end_game,2025-07-07 07:19:00,8,0.0
P024,S5628,start_game,2025-07-07 07:18:00,7,0.0
P024,S5628,end_game,2025-07-07 07:29:00,6,0.0
P024,S5628,level_up,2025-07-07 07:24:00,10,0.0
P024,S5628,level_up,2025-07-07 07:27:00,12,0.0
P024,S5628,start_game,2025-07-07 07:44:00,6,0.0
P024,S5628,end_game,2025-07-07 07:25:00,3,0.0
P024,S5628,end_game,2025-07-07 07:27:00,4,0.0
P014,S6485,start_game,2025-07-07 23:19:00,16,0.0
P014,S6485,end_game,2025-07-07 23:24:00,13,0.0
P014,S6485,end_game,2025-07-07 23:29:00,10,0.0
P014,S6485,ad_watch,2025-07-07 23:22:00,2,0.05
P014,S6485,purchase,2025-07-07 23:39:00,15,9.99
P044,S9244,purchase,2025-07-05 05:19:00,14,1.99
P044,S9244,end_game,2025-07-05 05:21:00,2,0.0
P044,S9244,level_up,2025-07-05 05:29:00,4,0.0
P044,S9244,end_game,2025-07-05 05:22:00,12,0.0
P044,S9244,ad_watch,2025-07-05 05:35:00,1,0.05
P044,S9244,start_game,2025-07-05 05:29:00,2,0.0
P016,S4778,end_game,2025-07-01 00:07:00,14,0.0
P016,S4778,end_game,2025-07-01 00:08:00,18,0.0
P016,S4778,purchase,2025-07-01 00:11:00,3,0.99
P016,S4778,level_up,2025-07-01 00:13:00,17,0.0
P016,S4778,level_up,2025-07-01 00:19:00,12,0.0
P016,S4778,ad_watch,2025-07-01 00:32:00,2,0.05
P016,S4778,ad_watch,2025-07-01 00:13:00,19,0.05
P016,S4778,start_game,2025-07-01 00:21:00,6,0.0
P016,S4778,level_up,2025-07-01 00:47:00,7,0.0
P016,S4778,start_game,2025-07-01 00:16:00,20,0.0
P038,S5501,purchase,2025-07-01 12:10:00,10,4.99
P038,S5501,end_game,2025-07-01 12:12:00,20,0.0
P038,S5501,purchase,2025-07-01 12:12:00,1,4.99
P038,S5501,start_game,2025-07-01 12:22:00,7,0.0
P038,S5501,end_game,2025-07-01 12:30:00,6,0.0
P038,S5501,level_up,2025-07-01 12:35:00,9,0.0
P038,S5501,start_game,2025-07-01 12:28:00,13,0.0
P038,S5501,start_game,2025-07-01 12:17:00,9,0.0
P078,S4686,purchase,2025-07-06 23:34:00,16,9.99
P078,S4686,ad_watch,2025-07-06 23:35:00,14,0.05
P078,S4686,purchase,2025-07-06 23:40:00,12,9.99
P078,S4686,level_up,2025-07-06 23:37:00,1,0.0
P078,S4686,purchase,2025-07-06 23:38:00,19,0.99
P078,S4686,ad_watch,2025-07-06 23:39:00,10,0.05
P078,S4686,purchase,2025-07-06 23:52:00,12,1.99
P078,S4686,ad_watch,2025-07-06 23:48:00,10,0.05
P078,S4686,start_game,2025-07-07 00:06:00,20,0.0
P079,S7216,start_game,2025-07-06 09:59:00,5,0.0
P079,S7216,end_game,2025-07-06 10:03:00,5,0.0
P079,S7216,level_up,2025-07-06 10:05:00,7,0.0
P079,S7216,ad_watch,2025-07-06 10:05:00,14,0.05
P079,S7216,ad_watch,2025-07-06 10:15:00,6,0.05
P079,S7216,ad_watch,2025-07-06 10:09:00,16,0.05
P071,S7429,purchase,2025-07-02 09:11:00,5,1.99
P071,S7429,ad_watch,2025-07-02 09:15:00,14,0.05
P071,S7429,level_up,2025-07-02 09:15:00,3,0.0
P071,S7429,end_game,2025-07-02 09:23:00,9,0.0
P071,S7429,purchase,2025-07-02 09:19:00,8,0.99
P071,S7429,level_up,2025-07-02 09:21:00,16,0.0
P029,S7955,end_game,2025-07-01 18:30:00,5,0.0
P029,S7955,end_game,2025-07-01 18:35:00,17,0.0
P029,S7955,end_game,2025-07-01 18:34:00,1,0.0
P029,S7955,ad_watch,2025-07-01 18:36:00,5,0.05
P029,S7955,end_game,2025-07-01 18:42:00,20,0.0
P029,S7955,level_up,2025-07-01 18:35:00,1,0.0
P029,S7955,end_game,2025-07-01 18:36:00,4,0.0
P029,S7955,start_game,2025-07-01 18:37:00,15,0.0
P029,S7955,ad_watch,2025-07-01 18:38:00,16,0.05
P029,S7955,purchase,2025-07-01 19:15:00,3,1.99
P091,S7750,ad_watch,2025-07-03 12:22:00,11,0.05
P091,S7750,start_game,2025-07-03 12:26:00,9,0.0
P091,S7750,level_up,2025-07-03 12:24:00,15,0.0
P091,S7750,purchase,2025-07-03 12:34:00,17,4.99
P091,S7750,level_up,2025-07-03 12:42:00,11,0.0
P091,S7750,end_game,2025-07-03 12:27:00,2,0.0
P091,S7750,start_game,2025-07-03 12:46:00,12,0.0
P091,S7750,purchase,2025-07-03 12:50:00,10,9.99
P091,S7750,ad_watch,2025-07-03 12:46:00,4,0.05
P049,S9561,start_game,2025-07-04 08:20:00,2,0.0
P049,S9561,end_game,2025-07-04 08:21:00,17,0.0
P049,S9561,start_game,2025-07-04 08:22:00,9,0.0
P049,S9561,start_game,2025-07-04 08:29:00,15,0.0
P072,S4023,end_game,2025-07-01 19:00:00,8,0.0
P072,S4023,ad_watch,2025-07-01 19:03:00,4,0.05
P072,S4023,purchase,2025-07-01 19:08:00,7,0.99
P072,S4023,start_game,2025-07-01 19:12:00,4,0.0
P072,S4023,ad_watch,2025-07-01 19:20:00,11,0.05
P072,S4023,purchase,2025-07-01 19:25:00,6,4.99
P072,S4023,purchase,2025-07-01 19:06:00,15,4.99
P072,S4023,start_game,2025-07-01 19:14:00,7,0.0
P035,S3521,ad_watch,2025-07-04 05:33:00,15,0.05
P035,S3521,purchase,2025-07-04 05:38:00,15,4.99
P035,S3521,end_game,2025-07-04 05:35:00,18,0.0
P035,S3521,purchase,2025-07-04 05:48:00,4,9.99
P035,S3521,purchase,2025-07-04 05:53:00,10,9.99
P035,S3521,purchase,2025-07-04 05:43:00,10,9.99
P097,S9602,level_up,2025-07-07 18:13:00,19,0.0
P097,S9602,start_game,2025-07-07 18:18:00,3,0.0
P097,S9602,start_game,2025-07-07 18:15:00,4,0.0
P023,S1212,level_up,2025-07-02 10:37:00,17,0.0
P023,S1212,end_game,2025-07-02 10:42:00,14,0.0
P023,S1212,start_game,2025-07-02 10:41:00,17,0.0
P023,S1212,level_up,2025-07-02 10:52:00,7,0.0
P023,S1212,level_up,2025-07-02 10:53:00,16,0.0
P023,S1212,end_game,2025-07-02 10:57:00,14,0.0
P023,S1212,end_game,2025-07-02 10:55:00,10,0.0
P023,S1212,start_game,2025-07-02 11:05:00,17,0.0
P023,S1212,purchase,2025-07-02 11:17:00,14,9.99
P023,S1212,ad_watch,2025-07-02 10:46:00,14,0.05
P079,S8394,start_game,2025-07-05 09:36:00,16,0.0
P079,S8394,start_game,2025-07-05 09:41:00,13,0.0
P079,S8394,level_up,2025-07-05 09:46:00,5,0.0
P079,S8394,purchase,2025-07-05 09:48:00,1,1.99
P079,S8394,level_up,2025-07-05 09:48:00,10,0.0
P079,S8394,start_game,2025-07-05 09:51:00,4,0.0
P079,S8394,ad_watch,2025-07-05 09:54:00,11,0.05
P079,S8394,start_game,2025-07-05 10:11:00,2,0.0
P069,S9142,end_game,2025-07-02 15:16:00,5,0.0
P069,S9142,start_game,2025-07-02 15:17:00,9,0.0
P069,S9142,start_game,2025-07-02 15:20:00,6,0.0
P069,S9142,end_game,2025-07-02 15:28:00,9,0.0
P069,S9142,ad_watch,2025-07-02 15:24:00,18,0.05
P011,S3667,end_game,2025-07-01 04:06:00,15,0.0
P011,S3667,ad_watch,2025-07-01 04:09:00,8,0.05
P011,S3667,start_game,2025-07-01 04:14:00,20,0.0
P011,S3667,end_game,2025-07-01 04:09:00,16,0.0
P008,S9998,start_game,2025-07-05 16:00:00,9,0.0
P008,S9998,ad_watch,2025-07-05 16:02:00,10,0.05
P008,S9998,ad_watch,2025-07-05 16:02:00,13,0.05
P009,S3253,level_up,2025-07-01 08:41:00,1,0.0
P009,S3253,end_game,2025-07-01 08:45:00,17,0.0
P009,S3253,purchase,2025-07-01 08:51:00,17,4.99
P009,S3253,ad_watch,2025-07-01 08:53:00,7,0.05
